nama_file,jml_jerawat_yolo,luas_terbesar_yolo,luas_area_yolo,rata_conf_yolo,jml_jerawat_asli,luas_terbesar_asli,luas_area_asli,label_keparahan
acne-101_jpeg.rf.af45ba09bf2981ed7cc4af94b54aae48.jpg,11,0.0038377081509679556,0.032372429966926575,0.5009063482284546,10,0.0043994140625,0.024296875,Ringan
acne-101_jpeg.rf.d13d618fff02c3133aac95c6b0c7b5fb.jpg,11,0.010692913085222244,0.041562847793102264,0.518706202507019,10,0.0043994140625,0.0244195556640625,Ringan
acne-101_jpeg.rf.dd5c14cef0a2ba13b110f05a520f00c0.jpg,12,0.006439322140067816,0.04085826873779297,0.48425590991973877,10,0.0043994140625,0.024296875,Ringan
acne-104_jpeg.rf.049f40b91f49dd3554b929ab004aa10e.jpg,10,0.007293895352631807,0.04435718432068825,0.4480277895927429,8,0.0075,0.0391619873046875,Sedang
acne-104_jpeg.rf.5b7dbce5a05426ce03d20ea30f8614ad.jpg,12,0.00731081236153841,0.05722995847463608,0.4384409189224243,8,0.0075,0.039089355468749996,Sedang
acne-104_jpeg.rf.854a06c90fd544c3418d6931d1a5c92b.jpg,3,0.005701659247279167,0.01391257718205452,0.43109118938446045,8,0.0075,0.039089355468749996,Sedang
acne-106_jpeg.rf.078f5194805c1882a8e63cea008410a7.jpg,8,0.019090227782726288,0.07657817006111145,0.43311336636543274,7,0.025390625,0.0580029296875,Sedang
acne-106_jpeg.rf.8ed823543e5ad3b616c3286f7bec0fb5.jpg,10,0.023179324343800545,0.06879367679357529,0.41042909026145935,7,0.025390625,0.0580029296875,Sedang
acne-106_jpeg.rf.fe8d695cc950d5cfd33cd1d0aee4730e.jpg,8,0.020870327949523926,0.05904284864664078,0.43771639466285706,7,0.025647583007812502,0.058416137695312495,Sedang
acne-107_jpeg.rf.4e21baf3b6d77c05024f07b3cca0c498.jpg,13,0.0102238105610013,0.06907498091459274,0.443426251411438,8,0.0107666015625,0.04021484375,Sedang
acne-107_jpeg.rf.9a0d1f16966910fc2d1351f8c218e971.jpg,8,0.009534391574561596,0.038495443761348724,0.45275771617889404,8,0.0107666015625,0.04021484375,Sedang
acne-107_jpeg.rf.fe9873a17fa31389536ca33faca813c4.jpg,10,0.011595739983022213,0.055211588740348816,0.48753294348716736,8,0.0107666015625,0.040140991210937504,Sedang
acne-109_jpeg.rf.09c25c7027db07e930a3501960cafbc4.jpg,4,0.00925342459231615,0.019170403480529785,0.4032611548900604,17,0.009912109375,0.0675537109375,Sedang
acne-109_jpeg.rf.71c01ec227c54f3d2134264c523a5c38.jpg,11,0.013201501220464706,0.08159156143665314,0.4644455909729004,17,0.009912109375,0.0677337646484375,Sedang
acne-109_jpeg.rf.f1dfe70192f63b0f7f3c60c34f989502.jpg,18,0.012122053653001785,0.0929318219423294,0.40996450185775757,17,0.009912109375,0.06788818359375,Sedang
acne-10_jpeg.rf.1a5742dc70d2abc4799e0ce84795741b.jpg,5,0.003428901545703411,0.01255763042718172,0.38736456632614136,12,0.0083056640625,0.04380859375,Sedang
acne-10_jpeg.rf.a47703e8c466062380bdd7cda41fae2b.jpg,14,0.010906785726547241,0.06538237631320953,0.3880784213542938,12,0.0083056640625,0.043932495117187505,Sedang
acne-10_jpeg.rf.f27748da2520545eba9ebcd7e0dc6482.jpg,11,0.011169277131557465,0.046913448721170425,0.43574732542037964,12,0.0083056640625,0.04380859375,Sedang
acne-110_jpeg.rf.30388309b832a1dbcd9f74e88a6d80c7.jpg,6,0.04732292518019676,0.10026733577251434,0.36277973651885986,4,0.0171875,0.034462890625,Sedang
acne-110_jpeg.rf.ac46f2b20c3b01cd908ca6e33f7c8b0a.jpg,4,0.025023622438311577,0.0351242758333683,0.41984087228775024,4,0.0171875,0.034462890625,Sedang
acne-110_jpeg.rf.b2e331d513bdc74cab2a514eb157444c.jpg,5,0.01898331567645073,0.04237530380487442,0.46662846207618713,4,0.0172430419921875,0.0345965576171875,Sedang
acne-111_jpeg.rf.5305be8df8fc4bac0f9d4473e75ce446.jpg,10,0.009556484408676624,0.04403488710522652,0.3648817241191864,8,0.013769531250000001,0.04656249999999999,Sedang
acne-111_jpeg.rf.5898ddc66916835400974fe91faa2127.jpg,10,0.01322139985859394,0.05502215772867203,0.4061790406703949,8,0.013769531250000001,0.04656249999999999,Sedang
acne-111_jpeg.rf.d2f96fc4bb37d79f182ff62b6c21203f.jpg,11,0.013969174586236477,0.05631586164236069,0.39107903838157654,8,0.0135821533203125,0.0462200927734375,Sedang
acne-114_jpeg.rf.05500969621c6ec1a2720c8113a7f730.jpg,14,0.017586803063750267,0.06863321363925934,0.47694912552833557,10,0.021875000000000002,0.051982421875000004,Sedang
acne-114_jpeg.rf.8886a0bfd6aae22e7a0d23fa689f93e0.jpg,10,0.00465958658605814,0.030008845031261444,0.40545782446861267,10,0.021875000000000002,0.052109375000000006,Sedang
acne-114_jpeg.rf.faab857cd0fe501cd0ee008b2d5e5d8d.jpg,13,0.007363998331129551,0.04528416320681572,0.48619335889816284,10,0.021796875,0.0517193603515625,Sedang
acne-117_jpeg.rf.5fca45225c32ea524aa8635eeaca17da.jpg,9,0.003840053454041481,0.02861681953072548,0.4897349178791046,9,0.0034375000000000005,0.024526367187499995,Ringan
acne-117_jpeg.rf.86e15ada642e029c7a3adf6e3abd3165.jpg,9,0.0037868120707571507,0.028203187510371208,0.46757829189300537,9,0.0033984375,0.0244158935546875,Ringan
acne-117_jpeg.rf.fdd8632240a042f20703a454d7ca8c49.jpg,9,0.0077497391030192375,0.03100256435573101,0.3887200951576233,9,0.0034375000000000005,0.024526367187499995,Ringan
acne-118_jpg.rf.2146315fc7eedcc8269c3855a055f362.jpg,7,0.02055925875902176,0.0669856071472168,0.3094528615474701,6,0.0251312255859375,0.08294677734375,Sedang
acne-118_jpg.rf.5ac494ffe6003d136d78802a2e018b93.jpg,13,0.023627541959285736,0.12108618021011353,0.34066641330718994,6,0.025156249999999998,0.08329345703124999,Sedang
acne-118_jpg.rf.a950e2e85bfac5233bc29a1409733d67.jpg,14,0.025600792840123177,0.16733945906162262,0.348070353269577,6,0.025156249999999998,0.08329345703124999,Sedang
acne-120_jpg.rf.05d2df98b09a59455e77d06fb330a261.jpg,40,0.016201965510845184,0.1777217835187912,0.4588603973388672,30,0.013007812499999999,0.15547729492187498,Parah
acne-120_jpg.rf.59864fcc325d7c476b1d4276551aa0dd.jpg,44,0.013032344169914722,0.1742270290851593,0.39646270871162415,30,0.013125,0.15552978515625,Parah
acne-120_jpg.rf.83c70d65304fb3bac6fe6e3451d957e7.jpg,43,0.009748989716172218,0.1748063713312149,0.4401778280735016,30,0.013125,0.15552978515625,Parah
acne-122_jpg.rf.457449f3ea61b059c8755a833cba36e4.jpg,36,0.008838114328682423,0.13611917197704315,0.429764062166214,28,0.005887451171875,0.10023132324218752,Parah
acne-122_jpg.rf.79832d3e5a9fd4a65ababe273ed29bf1.jpg,41,0.010554004460573196,0.13885733485221863,0.4093170762062073,28,0.0059521484375,0.10038574218750002,Parah
acne-122_jpg.rf.a860a2e44e12167136417be251d78f13.jpg,36,0.008735142648220062,0.12929564714431763,0.40427929162979126,28,0.0059521484375,0.10038574218750002,Parah
acne-123_jpg.rf.094991fa4eca4fe9d2414c139380c767.jpg,21,0.003851135727018118,0.05034012347459793,0.47611746191978455,17,0.008660888671875,0.0555938720703125,Sedang
acne-123_jpg.rf.29fdc29e00ae4036bda03345c84e75ec.jpg,23,0.007159348577260971,0.06052008643746376,0.4502761662006378,17,0.008701171875,0.055659179687500004,Sedang
acne-123_jpg.rf.2cb8c9deb32b0e5378694e4bc095b86a.jpg,16,0.004313324578106403,0.044069986790418625,0.5286660194396973,17,0.008701171875,0.05583496093750001,Sedang
acne-124_jpg.rf.73ff92c9fdf0de6950c164b655222df2.jpg,7,0.003410794772207737,0.019279012456536293,0.32762688398361206,23,0.0036181640624999996,0.04186279296875,Sedang
acne-124_jpg.rf.a52e9bb1cd7855d1372d7dd0813be8e1.jpg,7,0.003362721297889948,0.018691783770918846,0.36798709630966187,23,0.003570556640625,0.0420745849609375,Sedang
acne-124_jpg.rf.bbcd091cc245577f49f472276987041e.jpg,4,0.003540315432474017,0.011102534830570221,0.39267900586128235,23,0.0036181640624999996,0.04186279296875,Sedang
acne-125_jpg.rf.2612211b3bedfab30f3c1917dba2de98.jpg,29,0.006357152014970779,0.09508059173822403,0.4360758662223816,31,0.0101513671875,0.09441406249999999,Sedang
acne-125_jpg.rf.5514716e1ee3faa1692e38c275afe7a1.jpg,23,0.0051819575019180775,0.07446146756410599,0.4098303020000458,31,0.0101513671875,0.09445800781249998,Sedang
acne-125_jpg.rf.dc9c441370bb9fdb7c992c7e422c8003.jpg,18,0.006538068875670433,0.06379930675029755,0.4112483859062195,31,0.010228271484375,0.0944891357421875,Sedang
acne-126_jpg.rf.5b0e9e4d04ae70075efeaee8971a48aa.jpg,7,0.0039031466003507376,0.016250476241111755,0.35800686478614807,16,0.0022558593750000005,0.021152343750000004,Sedang
acne-126_jpg.rf.efe7936850eb9c5f1327b1a589d5ed43.jpg,10,0.004673046991229057,0.021735532209277153,0.36154359579086304,16,0.0022558593750000005,0.021152343750000004,Sedang
acne-126_jpg.rf.fbdc0b939629752826f95b54f75a9eb0.jpg,6,0.0042317453771829605,0.01316315308213234,0.35063111782073975,16,0.0022558593750000005,0.021216430664062497,Sedang
acne-127_jpg.rf.6626a950f608a09a2ffcb87fd5922402.jpg,12,0.022593555971980095,0.09922462701797485,0.3847784101963043,12,0.006806640624999999,0.06742431640624999,Sedang
acne-127_jpg.rf.d3d5ce301ca715b9f7d0987c5493a249.jpg,11,0.011029640212655067,0.07594986259937286,0.40721771121025085,12,0.006856689453124999,0.0674578857421875,Sedang
acne-127_jpg.rf.f448d7470b4d04d0576302eefabed949.jpg,12,0.009815782308578491,0.07612594962120056,0.39944127202033997,12,0.006806640624999999,0.06742431640624999,Sedang
acne-129_jpg.rf.27d7bc358ff1e9d29a12c68dfec19376.jpg,6,0.014769231900572777,0.0644691213965416,0.39853644371032715,8,0.016328125,0.07853515625,Sedang
acne-129_jpg.rf.85ebf681f94e9d884aa5fffd377c2546.jpg,4,0.014271149411797523,0.04078003019094467,0.4298621118068695,8,0.0161285400390625,0.07830505371093749,Sedang
acne-129_jpg.rf.d6c0893bc17939313d41a77c07d116dd.jpg,4,0.014501269906759262,0.04122612997889519,0.4351867735385895,8,0.016328125,0.07853515625,Sedang
acne-12_jpeg.rf.105ac91692b51b2e48ac949a5f0ef9a0.jpg,18,0.004660052713006735,0.03882651776075363,0.5476455092430115,17,0.0035247802734375,0.034471435546875,Sedang
acne-12_jpeg.rf.28444ad5ce2ac27bc0ce6ed17f8e6ec0.jpg,16,0.004532444756478071,0.0343145877122879,0.5805624723434448,17,0.003525390625,0.034636230468749994,Sedang
acne-12_jpeg.rf.a8b0e9276a6914edc03a7e3def427bf2.jpg,12,0.004387287888675928,0.030101701617240906,0.49330785870552063,17,0.003525390625,0.034636230468749994,Sedang
acne-132_jpg.rf.c9f114843c7af28e5632ae8fe25baf67.jpg,11,0.0031024650670588017,0.022449223324656487,0.46719738841056824,9,0.0029901123046875,0.018020629882812503,Ringan
acne-132_jpg.rf.f63fe21b456337795ceeaba4913f7bae.jpg,14,0.003527469001710415,0.03165991231799126,0.46383246779441833,9,0.00298828125,0.018054199218750004,Ringan
acne-132_jpg.rf.fd88a44d5548b168dd391f49079d5c81.jpg,11,0.0029452007729560137,0.022433698177337646,0.4725642204284668,9,0.00298828125,0.018054199218750004,Ringan
acne-133_jpg.rf.6db7d5e9aba6f4de4253e2100ab6ffbc.jpg,13,0.009623377583920956,0.06205672398209572,0.43972331285476685,12,0.0077758789062499995,0.055780029296875,Sedang
acne-133_jpg.rf.a36b84143c4c700d8160a3283f498c03.jpg,13,0.00914057344198227,0.06427380442619324,0.39107105135917664,12,0.0077758789062499995,0.05572509765625,Sedang
acne-133_jpg.rf.d5a2596cbb19ae009ce2659b3104dba1.jpg,17,0.007496091071516275,0.07036715745925903,0.38260722160339355,12,0.0077758789062499995,0.05572509765625,Sedang
acne-136_jpg.rf.3e73b4689794a339be8e23f11d08fc37.jpg,20,0.02706453576683998,0.20995213091373444,0.4517679810523987,9,0.022636718749999996,0.12817138671875003,Parah
acne-136_jpg.rf.b329d76c1d4f9f0d1d68526134fe04c6.jpg,12,0.02443552017211914,0.1336500346660614,0.46964362263679504,9,0.022636718749999996,0.12792236328125,Parah
acne-136_jpg.rf.bcf7437fb066a95c7f159436df6c7c27.jpg,12,0.021456278860569,0.134280726313591,0.5178568959236145,9,0.0227294921875,0.127900390625,Parah
acne-13_jpeg.rf.430d2e3c8e293872afb2dbaa8ff80c66.jpg,9,0.024669934064149857,0.049110814929008484,0.3718439042568207,23,0.0073828125,0.07442626953124999,Sedang
acne-13_jpeg.rf.6bccdd195b2e284d78717dccf8333266.jpg,26,0.005756782833486795,0.08553946763277054,0.4147751033306122,23,0.0073797607421875,0.0745098876953125,Sedang
acne-13_jpeg.rf.a5f9a647b82ba14238855de41ce76a2f.jpg,24,0.008007343858480453,0.0876016691327095,0.43791231513023376,23,0.0073828125,0.07442626953124999,Sedang
acne-141_jpg.rf.056aa3399307f077aa37f49ff94c27f4.jpg,48,0.0064974259585142136,0.12233636528253555,0.4763937294483185,36,0.005478515625,0.09303466796875,Parah
acne-141_jpg.rf.cbd1d13c72ff4f3e3b8f23419526f5df.jpg,50,0.0063571566715836525,0.1204722598195076,0.47241684794425964,36,0.005478515625,0.093331298828125,Parah
acne-141_jpg.rf.fb1199324075ca9348337d6357f172de.jpg,46,0.0062886793166399,0.1325780749320984,0.44607827067375183,36,0.005478515625,0.09303466796875,Parah
acne-146_jpg.rf.3e4e3a8e1eb143a51e83f89d27a89523.jpg,5,0.010951505973935127,0.03527512773871422,0.4850118160247803,6,0.00880859375,0.031049804687499998,Sedang
acne-146_jpg.rf.ad8dd4f3dbbff83b7a2081bfbf2fee4e.jpg,6,0.01049081888049841,0.03917592391371727,0.4393898546695709,6,0.00880859375,0.031049804687499998,Sedang
acne-146_jpg.rf.d16e73f57f12a54ebed2f820032498a9.jpg,6,0.011824775487184525,0.03883686661720276,0.48687779903411865,6,0.00880859375,0.030919189453125002,Sedang
acne-147_jpg.rf.7ab83e752d29e1cb1efc428fb26f4b62.jpg,4,0.004502424504607916,0.01380290649831295,0.3781687617301941,3,0.004189453125,0.010986328125,Ringan
acne-147_jpg.rf.b9bc95a6617b86d57c6fa510d8be42ce.jpg,4,0.004837099462747574,0.01366760116070509,0.2835671305656433,3,0.004189453125,0.010986328125,Ringan
acne-147_jpg.rf.df99460615cf952c2e4a9a73f970be69.jpg,3,0.00417567091062665,0.00961060170084238,0.33229556679725647,3,0.004229736328125,0.010987548828125,Ringan
acne-14_jpeg.rf.147d68756bf7b24c32159f65a026346d.jpg,16,0.004957134369760752,0.043505068868398666,0.4944669306278229,17,0.0043304443359375,0.051031494140625,Sedang
acne-14_jpeg.rf.5bf6350d3c711ff63cde1f6b9a203518.jpg,14,0.0057847159914672375,0.04550093784928322,0.4773305356502533,17,0.0043749999999999995,0.05119140625,Sedang
acne-14_jpeg.rf.ce37e344b5f0d2c1aeed3f330eaf47f7.jpg,17,0.005509940907359123,0.05326177179813385,0.43779146671295166,17,0.0043749999999999995,0.05119140625,Sedang
acne-153_jpg.rf.26750acfcfc53810f96cae56aa2c4462.jpg,23,0.014571871608495712,0.11280012875795364,0.4441438615322113,14,0.0165234375,0.06560546875,Sedang
acne-153_jpg.rf.8210a6358070fc5da9611aac95957b0f.jpg,9,0.012325108051300049,0.05439317598938942,0.3191744089126587,14,0.0165234375,0.06560546875,Sedang
acne-153_jpg.rf.e8973f33679d67ebfc2384a4d92d41b2.jpg,16,0.014478697441518307,0.0933418944478035,0.4138997793197632,14,0.01663818359375,0.0653460693359375,Sedang
acne-154_jpg.rf.2c23312611bde8ff91dba18be75c8584.jpg,7,0.00994955562055111,0.04971477389335632,0.48612284660339355,5,0.006601562500000001,0.0228564453125,Ringan
acne-154_jpg.rf.3a3be14df7e5a70b268d664010e1383e.jpg,8,0.009657180868089199,0.047443028539419174,0.4521777927875519,5,0.006475219726562501,0.022869873046875003,Ringan
acne-154_jpg.rf.aa10f14b351652c5646e22544670738c.jpg,7,0.008069808594882488,0.04438481479883194,0.49686506390571594,5,0.006601562500000001,0.0228564453125,Ringan
acne-157_jpg.rf.89ce37476eb116348c9be25774e30727.jpg,12,0.004308014642447233,0.02286732755601406,0.3777110278606415,9,0.0069873046875,0.0226123046875,Ringan
acne-157_jpg.rf.cc6a50c4ff1337782a2ddf5e7f7bfc32.jpg,10,0.00851738452911377,0.027095019817352295,0.43184298276901245,9,0.006922607421874999,0.022415771484375,Ringan
acne-157_jpg.rf.ef7e9923abad787cede0228467c8924a.jpg,8,0.002621007850393653,0.014629113487899303,0.3953099846839905,9,0.0069873046875,0.0226123046875,Ringan
acne-159_jpg.rf.0c98a05944768d0fcb2e6ac369394f30.jpg,33,0.004229464568197727,0.060733456164598465,0.41428038477897644,22,0.00533203125,0.05822265625,Sedang
acne-159_jpg.rf.1e5a07658d750d8ba5461046e276e5f0.jpg,33,0.005375893786549568,0.06040054187178612,0.41319018602371216,22,0.00533203125,0.05822265625,Sedang
acne-159_jpg.rf.b2c4300722f40c860f40d0f710ce9fd5.jpg,34,0.004753627348691225,0.06806521862745285,0.4130000174045563,22,0.0052703857421875,0.0581884765625,Sedang
acne-165_jpg.rf.5638c1e3c95295ddca0f268ec7287553.jpg,7,0.004252747166901827,0.015546079725027084,0.33815139532089233,12,0.0092333984375,0.0466943359375,Sedang
acne-165_jpg.rf.68256b3b8febcb6314e4ab36bb6375f5.jpg,18,0.005053484812378883,0.040563736110925674,0.3854236900806427,12,0.0092333984375,0.0466943359375,Sedang
acne-165_jpg.rf.f89853f8ff0431d5d4f3e64be0275aa5.jpg,10,0.004183979704976082,0.023817898705601692,0.35815027356147766,12,0.009158935546875,0.046782836914062494,Sedang
acne-169_jpg.rf.62e380e19804577ee193ff7a379afca0.jpg,10,0.007779368665069342,0.03365189582109451,0.4498232901096344,13,0.007657470703125,0.0325897216796875,Sedang
acne-169_jpg.rf.8dbf52d31c7234fa6616be58e4c10cce.jpg,9,0.006656462326645851,0.02798842266201973,0.43831968307495117,13,0.007607421874999999,0.032558593749999996,Sedang
acne-169_jpg.rf.cc770617347b77cbf96905c6139f8098.jpg,8,0.008253300562500954,0.03357553482055664,0.4962882399559021,13,0.007607421874999999,0.032558593749999996,Sedang
acne-16_jpeg.rf.6c53ab16807806bbb5941b31f9a46f57.jpg,22,0.004513130988925695,0.050242044031620026,0.4232756495475769,16,0.00361083984375,0.040750732421875005,Sedang
acne-16_jpeg.rf.8a203a8e0514ebc66c79ff58b8fb8fca.jpg,18,0.007182561792433262,0.05151225998997688,0.4208504855632782,16,0.00361083984375,0.04074707031250001,Sedang
acne-16_jpeg.rf.bfdbd387028d27478766a3819de88a1b.jpg,21,0.007721262518316507,0.054698843508958817,0.4303308129310608,16,0.00361083984375,0.04074707031250001,Sedang
acne-174_jpg.rf.2d2e25b5d60f61c775266df80d4d4cca.jpg,7,0.0041976808570325375,0.021281465888023376,0.4588739275932312,6,0.004482421875,0.0192578125,Ringan
acne-174_jpg.rf.df4de09ebf38d94532fdf09bddc96b39.jpg,5,0.003771914867684245,0.01468266174197197,0.5327083468437195,6,0.004482421875,0.0192578125,Ringan
acne-174_jpg.rf.e4db3022680a7d83a8564032513c394f.jpg,8,0.004073755349963903,0.021360915154218674,0.45131927728652954,6,0.0045062255859375,0.0192657470703125,Ringan
acne-175_jpg.rf.612b817fa477d486d22e0f2fb61e01b3.jpg,7,0.02054058387875557,0.046818915754556656,0.3772057890892029,4,0.005802001953125,0.019173583984375,Ringan
acne-175_jpg.rf.92d6c6bc280f868472612c909d7401b5.jpg,8,0.01982501894235611,0.046106625348329544,0.38067737221717834,4,0.0057421875,0.019169921875,Ringan
acne-175_jpg.rf.dacb7ead4056283b79f7d7be33f4cec3.jpg,5,0.007388266269117594,0.022628912702202797,0.40322795510292053,4,0.0057421875,0.019169921875,Ringan
acne-178_jpg.rf.3c2c36e281c650dd6a48b45bde2a3767.jpg,8,0.012645309790968895,0.03702240437269211,0.40860944986343384,10,0.0111785888671875,0.030293579101562502,Sedang
acne-178_jpg.rf.70e5d5ef09dd6bcae4b1580c229c9f46.jpg,10,0.011613743379712105,0.041572075337171555,0.3774457573890686,10,0.011210937499999999,0.030209960937500002,Sedang
acne-178_jpg.rf.ac87bffd9abfaa365be22b9bfef13f2c.jpg,8,0.012253817170858383,0.035841669887304306,0.4318065047264099,10,0.011210937499999999,0.030209960937500002,Sedang
acne-179_jpg.rf.301829a1a85597f07c7a67eb38ee1970.jpg,20,0.00434250058606267,0.051137153059244156,0.42977041006088257,13,0.0054931640625,0.043822021484374994,Sedang
acne-179_jpg.rf.b3bde7c655fccb9590b3dcfd338ea42f.jpg,21,0.006433133035898209,0.060423463582992554,0.41847705841064453,13,0.005566406249999999,0.04375244140625,Sedang
acne-179_jpg.rf.dd6e0d30ba2d751438a0a2a9cf34b6cf.jpg,18,0.005426215007901192,0.047955188900232315,0.4139885902404785,13,0.005566406249999999,0.04375244140625,Sedang
acne-17_jpeg.rf.51057c9fd58430da022fe8b8e54cbfce.jpg,5,0.0025911391712725163,0.01128517184406519,0.4284609854221344,5,0.0046875,0.01685546875,Ringan
acne-17_jpeg.rf.b9922046ba7af5c9296c5568c1f3b8c6.jpg,5,0.0034637656062841415,0.011898514814674854,0.4000217914581299,5,0.0046875,0.01685546875,Ringan
acne-17_jpeg.rf.d8a8858216295393c1acc6282c217654.jpg,4,0.0030833485070616007,0.010717066936194897,0.4495883285999298,5,0.0047460937499999994,0.016969604492187502,Ringan
acne-182_jpg.rf.003ad78b62a47fe0c61d19fd1df199b5.jpg,1,0.0026123705320060253,0.0026123705320060253,0.39806491136550903,0,0.0,0.0,Bebas Jerawat
acne-182_jpg.rf.7c2e3699a804e6c8aa7910f55b5ca1d5.jpg,2,0.002993246540427208,0.00465689692646265,0.29030290246009827,0,0.0,0.0,Bebas Jerawat
acne-182_jpg.rf.a5a32d648c2879bb9c344f40f540aa59.jpg,0,0.0,0.0,0.0,0,0.0,0.0,Bebas Jerawat
acne-184_jpg.rf.318f8f393e5e2ddd0b1f78531673ebd0.jpg,5,0.0052139232866466045,0.01808762364089489,0.5291683077812195,13,0.0050811767578125,0.032770996093750004,Sedang
acne-184_jpg.rf.68a55036b87dab28bd5152fa3b0be4df.jpg,6,0.005557433236390352,0.021935949102044106,0.48414888978004456,13,0.005195312499999999,0.0328564453125,Sedang
acne-184_jpg.rf.6d066efaae280add14b1ad11bfd69ee8.jpg,6,0.005147904623299837,0.02106868289411068,0.5163977742195129,13,0.005195312499999999,0.032841796875,Sedang
acne-185_jpg.rf.10da71ba0aff1f523fe1c434307b4a58.jpg,6,0.002457024995237589,0.011432360857725143,0.4500065743923187,13,0.0019921875,0.014941406249999999,Ringan
acne-185_jpg.rf.3bd7bc00f8d8f6e04e041a9a664f80e2.jpg,7,0.0024879807606339455,0.01469078566879034,0.4041447937488556,13,0.0019921875,0.014941406249999999,Ringan
acne-185_jpg.rf.3de0a75834e59f15738509f7c7bdeb1c.jpg,6,0.0017163688316941261,0.0076677934266626835,0.37220311164855957,13,0.001962890625,0.0148419189453125,Ringan
acne-18_jpeg.rf.43644ffe9efa47e9892fa953e7384360.jpg,11,0.009278926067054272,0.03816542774438858,0.4927910566329956,13,0.0033801269531249997,0.0325836181640625,Sedang
acne-18_jpeg.rf.5b6c3916caae984b4e628466c6217dc7.jpg,8,0.0038980108220130205,0.020676372572779655,0.5221028923988342,13,0.003427734375,0.032570800781250006,Sedang
acne-18_jpeg.rf.e1d7462fae95a22cf821ff2dce74fe48.jpg,12,0.008411365561187267,0.03895506262779236,0.47180092334747314,13,0.003427734375,0.032570800781250006,Sedang
acne-191_jpg.rf.a0c9751faf17b372142f143e58795b87.jpg,7,0.0055773258209228516,0.019168013706803322,0.44571051001548767,7,0.00265625,0.011943359375,Ringan
acne-191_jpg.rf.a3f25509212676a658832b172df7d830.jpg,10,0.005863736849278212,0.027757728472352028,0.41080912947654724,7,0.0026531982421875,0.011806640624999998,Ringan
acne-191_jpg.rf.a5434e10e4190dc91e8be25ba95e0057.jpg,7,0.005809378810226917,0.01977243833243847,0.4431914687156677,7,0.00265625,0.011943359375,Ringan
acne-193_jpg.rf.2ad0c8779ee966c9c6f99bc869192f68.jpg,30,0.004791891202330589,0.061873432248830795,0.44634202122688293,30,0.0038531494140625,0.05272705078125,Sedang
acne-193_jpg.rf.4cdb0fbc270b04b91fb4cf23478d5b75.jpg,40,0.00421995110809803,0.08771508187055588,0.44408607482910156,30,0.003955078125000001,0.052980957031249984,Sedang
acne-193_jpg.rf.d56c00bf920d72a203d15f241d2a6155.jpg,38,0.004059651866555214,0.08161208033561707,0.44926247000694275,30,0.003955078125000001,0.052980957031249984,Sedang
acne-195_jpg.rf.9ed1415752e5ab9b75789c48e2d79cfb.jpg,38,0.004120075609534979,0.07298633456230164,0.4550424814224243,31,0.004844970703125,0.069056396484375,Sedang
acne-195_jpg.rf.b5c6f2b08bb2c091d26ea2dc2d0b8d8c.jpg,28,0.003875412978231907,0.057084307074546814,0.4945709705352783,31,0.00478515625,0.06908447265625002,Sedang
acne-195_jpg.rf.bcfc34920b8aec75484cddfc069c343c.jpg,37,0.004120818804949522,0.06816171109676361,0.46646684408187866,31,0.00478515625,0.06908447265625002,Sedang
acne-196_jpg.rf.1bbd0b777a3e6a95749dfae39c5d0db1.jpg,22,0.003483477747067809,0.04412825405597687,0.5332327485084534,20,0.0034326171875,0.03728759765625,Sedang
acne-196_jpg.rf.9929863b00290abde1695ce445e5ab8d.jpg,26,0.0035038229543715715,0.04904277250170708,0.5007253289222717,20,0.003387451171875,0.03721435546875,Sedang
acne-196_jpg.rf.9fb85af642d154fba4f3ddaac45d98ba.jpg,20,0.0035999896936118603,0.04238547012209892,0.498740017414093,20,0.0034326171875,0.03728759765625,Sedang
acne-197_jpg.rf.29fb0fcd25dc272564d20ea7e0c37357.jpg,83,0.008189225569367409,0.16437774896621704,0.43055954575538635,62,0.006861572265625,0.15830566406250002,Parah
acne-197_jpg.rf.3e08f172ad3783593d3d6f09b5914df4.jpg,78,0.008250197395682335,0.1574731469154358,0.44395697116851807,62,0.006767578125000001,0.15791015625000002,Parah
acne-197_jpg.rf.b97d2d4715779a1d8e5126a412a80028.jpg,82,0.005244945175945759,0.17707477509975433,0.4179069697856903,62,0.006767578125000001,0.15791015625000002,Parah
acne-198_jpg.rf.0b2c649818aaa8e3b87b57cb86df5eef.jpg,24,0.005148706492036581,0.05630607157945633,0.4870220124721527,25,0.004364013671875,0.0584478759765625,Sedang
acne-198_jpg.rf.b908268208c2706886941b806856d5f7.jpg,27,0.00537619786337018,0.06991760432720184,0.47919484972953796,25,0.004443359375,0.05847412109375,Sedang
acne-198_jpg.rf.f46e69016e534491f9bd6a17cc24c414.jpg,26,0.0051139527931809425,0.06151546537876129,0.4521048367023468,25,0.004443359375,0.05847412109375,Sedang
acne-199_jpg.rf.049f974ec6c0aab39706ea83ecd2a70a.jpg,16,0.003047027625143528,0.03368329629302025,0.39945006370544434,13,0.0028070068359374997,0.02252685546875,Ringan
acne-199_jpg.rf.471efe501dd703c4c868b80f346eafb1.jpg,16,0.00331911351531744,0.032670315355062485,0.41517338156700134,13,0.0028125000000000003,0.022470703124999998,Ringan
acne-199_jpg.rf.bf429fe2c2ffc1d64092b101898b576e.jpg,14,0.0034335521049797535,0.029967639595270157,0.44813773036003113,13,0.0028125000000000003,0.022470703124999998,Ringan
acne-19_jpeg.rf.08f442979a625bee5a09e346ab0f8185.jpg,16,0.0043996055610477924,0.04494704306125641,0.4024519920349121,18,0.00307861328125,0.044127197265624994,Sedang
acne-19_jpeg.rf.c477f8a3fb32ce9d2d0c804f3124d662.jpg,16,0.0043996055610477924,0.04494704306125641,0.4024519920349121,18,0.0031103515625000005,0.04392578125,Sedang
acne-19_jpeg.rf.fcd27e7983259ab41304042d0246e0ae.jpg,15,0.006297986954450607,0.045337382704019547,0.41667693853378296,18,0.0031103515625000005,0.04392578125,Sedang
acne-1_jpeg.rf.15f804a683ea47331a17edcd7f8e1a4d.jpg,21,0.007655911613255739,0.07789339870214462,0.49927717447280884,21,0.006986083984375,0.069461669921875,Sedang
acne-1_jpeg.rf.19271021285a0573d9c1351cc0a39309.jpg,15,0.007670376915484667,0.05940379202365875,0.43393072485923767,21,0.0069140625,0.06926757812499999,Sedang
acne-1_jpeg.rf.71d499580b387527ed6a3240b2b5773d.jpg,23,0.0074328212067484856,0.08364491164684296,0.48666372895240784,21,0.0069140625,0.06926757812499999,Sedang
acne-201_jpg.rf.3258e50cc995cbcac9d825ea00f33167.jpg,64,0.010023591108620167,0.176735058426857,0.40688252449035645,71,0.005615234375,0.14829589843749996,Parah
acne-201_jpg.rf.33bf5a4589c45581c1f46b672db62414.jpg,72,0.00622170465067029,0.17221470177173615,0.4224342107772827,71,0.005615234375,0.14814453124999996,Parah
acne-201_jpg.rf.385b133794127449eb734db717cfeeaa.jpg,71,0.006078724283725023,0.16502460837364197,0.41570159792900085,71,0.0057330322265625,0.148292236328125,Parah
acne-203_jpg.rf.81c85919943866f8e856d6724eae0c3b.jpg,16,0.003329378319904208,0.030224420130252838,0.421575129032135,9,0.004284667968749999,0.0238323974609375,Ringan
acne-203_jpg.rf.8205fac07a2a50ce7b656cfc7a60c1c6.jpg,18,0.003060880582779646,0.03294028341770172,0.37574949860572815,9,0.004248046875,0.0238818359375,Ringan
acne-203_jpg.rf.e63e6e1e90fa2af37fcdabea7cdefb41.jpg,18,0.003781725186854601,0.03539363294839859,0.35125163197517395,9,0.004248046875,0.0238818359375,Ringan
acne-207_jpg.rf.0adf2a68315ac19b5f0d8e9f3c00532d.jpg,42,0.0028626760467886925,0.06243818253278732,0.4807947278022766,30,0.00286376953125,0.0421209716796875,Sedang
acne-207_jpg.rf.7598b31c83c3bf22d831a520ef1a906e.jpg,30,0.002586180344223976,0.04359661042690277,0.4661068022251129,30,0.0028222656249999997,0.04225830078125,Sedang
acne-207_jpg.rf.8a60c3b59e4a9e0f1cad7e370dd77ea5.jpg,45,0.00291862478479743,0.06678510457277298,0.48976871371269226,30,0.0028222656249999997,0.04225830078125,Sedang
acne-208_jpg.rf.35a3cef9fe70b179687816ff6948a8ca.jpg,24,0.009183283895254135,0.0696011558175087,0.4290168285369873,17,0.0039038085937499996,0.035605468749999994,Sedang
acne-208_jpg.rf.48edf57f079bcfbd20b3d9229f482459.jpg,18,0.0045026745647192,0.04084661602973938,0.4482024013996124,17,0.0039038085937499996,0.035673828124999994,Sedang
acne-208_jpg.rf.6a0543944c7ec0abf4d3420ef5a48789.jpg,22,0.008308321237564087,0.05274147167801857,0.46319666504859924,17,0.0039038085937499996,0.0353839111328125,Sedang
acne-210_jpg.rf.27376e50ec325caa3ee3a040244aeaa2.jpg,16,0.005040209274739027,0.03517018258571625,0.3959922790527344,13,0.003779296875,0.026596679687499996,Ringan
acne-210_jpg.rf.ba41808779eefd711acb8449a1f57d80.jpg,14,0.00540430610999465,0.030666468665003777,0.38437482714653015,13,0.003779296875,0.026596679687499996,Ringan
acne-210_jpg.rf.d8d38da83700ffe8f4204c9b98bfc48f.jpg,15,0.0040141744539141655,0.03312976658344269,0.3897067606449127,13,0.0038317871093749996,0.0266552734375,Ringan
acne-212_jpg.rf.48a1f98252e19ab9c0a2fa21cc2cf3dd.jpg,19,0.005803752690553665,0.04333655536174774,0.49002718925476074,21,0.0057379150390625,0.050133666992187506,Sedang
acne-212_jpg.rf.7c6366f80f280c7946181a492194f128.jpg,19,0.00587040139362216,0.04682738333940506,0.47178420424461365,21,0.005859375,0.05009033203125,Sedang
acne-212_jpg.rf.ecc2ffc6c00fedeff6f1570cd2595525.jpg,17,0.0036521432921290398,0.037926848977804184,0.4391232132911682,21,0.005859375,0.05009033203125,Sedang
acne-213_jpg.rf.34850e9489d91a3b8c38f872710a2753.jpg,8,0.0030412746127694845,0.014107215218245983,0.37948912382125854,7,0.0030615234375000002,0.01173583984375,Ringan
acne-213_jpg.rf.a5c1514f9c68cfe06f0f8e16b908c7bd.jpg,7,0.002542769070714712,0.012162826023995876,0.41657039523124695,7,0.0030615234375000002,0.01173583984375,Ringan
acne-213_jpg.rf.e477f2ab61f8007e35213f2d19630dfe.jpg,7,0.0023706688079982996,0.011854078620672226,0.38956356048583984,7,0.0030615234375000002,0.0117041015625,Ringan
acne-215_jpg.rf.03e0070c1d7b1425afb2fa5e61365358.jpg,12,0.002952252048999071,0.02278217114508152,0.4244970977306366,7,0.003515625,0.01758544921875,Ringan
acne-215_jpg.rf.8ba2225c358d32fff5022b3c5fef3b89.jpg,13,0.00347920972853899,0.028905518352985382,0.4469124972820282,7,0.003515625,0.0174951171875,Ringan
acne-215_jpg.rf.a49ced323a6e167f764e2e2766026041.jpg,11,0.0026567047461867332,0.021285133436322212,0.4158971905708313,7,0.0034393310546875005,0.017412719726562498,Ringan
acne-218_jpg.rf.4034c378c8c2766197d5800adfa2a8f4.jpg,15,0.010294786654412746,0.08296576142311096,0.3923564851284027,18,0.006876220703125,0.066331787109375,Sedang
acne-218_jpg.rf.5b69f80528f623394b3e859163966e68.jpg,13,0.011444023810327053,0.10046056658029556,0.4455779790878296,18,0.0069287109375,0.06638916015625,Sedang
acne-218_jpg.rf.ce804a2e4ef6d119d4e442112589453d.jpg,15,0.016861045733094215,0.09568218886852264,0.4022124707698822,18,0.0069287109375,0.06625976562500001,Sedang
acne-222_jpg.rf.19ebefd17c9d7278b70237d51272f4d7.jpg,17,0.004098984412848949,0.045184291899204254,0.4887418746948242,16,0.006015625,0.04430419921875,Sedang
acne-222_jpg.rf.44895d625b19f3e5bf910dc52c985c50.jpg,17,0.0038826167583465576,0.04482297971844673,0.4997903108596802,16,0.0060296630859375,0.044349365234375,Sedang
acne-222_jpg.rf.8fd19a2a303616c30747abc22a7b7e85.jpg,16,0.00385496043600142,0.04278690367937088,0.5178655385971069,16,0.006015625,0.04430419921875,Sedang
acne-225_jpg.rf.20af853a017a915046884562cedb90fb.jpg,30,0.0026458529755473137,0.04247155040502548,0.42965254187583923,61,0.0034277343750000002,0.045546875000000014,Parah
acne-225_jpg.rf.33624bbd3381958397789ce04775a4e7.jpg,33,0.0027078366838395596,0.04158754274249077,0.39803218841552734,61,0.0033966064453125,0.045540771484375,Parah
acne-225_jpg.rf.86b4596072a51356712e842ba8adbe7e.jpg,28,0.00303995911963284,0.03934243321418762,0.42061179876327515,61,0.0033007812500000003,0.04537597656250002,Parah
acne-226_jpg.rf.1e31fc7ac858cc36c9bf58575d0c5ca1.jpg,49,0.003905779914930463,0.09264271706342697,0.44853854179382324,52,0.003681640625,0.07100830078125,Parah
acne-226_jpg.rf.266f732d5c4135545428b64a2e308ae5.jpg,53,0.003850051434710622,0.09308778494596481,0.44879162311553955,52,0.0037200927734374997,0.07059753417968749,Parah
acne-226_jpg.rf.9a5e291ba12532858133526881c86eb5.jpg,51,0.004934723488986492,0.09814998507499695,0.430325448513031,52,0.003681640625,0.07107177734375,Parah
acne-227_jpg.rf.2471062ff72eff1fb050abd9673ce511.jpg,10,0.0052309767343103886,0.03494619205594063,0.5048728585243225,14,0.0077929687499999995,0.061992187500000004,Sedang
acne-227_jpg.rf.b194f70aa07fec4da34ba2a7d1ab559b.jpg,14,0.005931566935032606,0.04352334514260292,0.44701066613197327,14,0.007862548828125001,0.062036132812500006,Sedang
acne-227_jpg.rf.e7232e54671958546fa8bd8e76de323e.jpg,11,0.0051915948279201984,0.0368678905069828,0.4943787753582001,14,0.0077929687499999995,0.061992187500000004,Sedang
acne-228_jpg.rf.129211e759bb8520e5d79be2e7135a91.jpg,14,0.017646685242652893,0.11854281276464462,0.3977936804294586,12,0.0146331787109375,0.08951293945312501,Sedang
acne-228_jpg.rf.b7310fea7306adb3ad6a912cd30c35c6.jpg,16,0.015920398756861687,0.12399076670408249,0.37065136432647705,12,0.014609375,0.089794921875,Sedang
acne-228_jpg.rf.d85abe1dea887d8ee14c7967d38bfc7e.jpg,13,0.010479770600795746,0.08566597104072571,0.39024055004119873,12,0.014609375,0.089794921875,Sedang
acne-229_jpg.rf.15932dd8294747fbf846a03e0f82b5ac.jpg,17,0.017712557688355446,0.1359816938638687,0.48162779211997986,13,0.0373974609375,0.15126708984375004,Parah
acne-229_jpg.rf.63c186939cc5628efd5febb1b7441b87.jpg,17,0.0211368128657341,0.14169712364673615,0.3877995014190674,13,0.0373974609375,0.150999755859375,Parah
acne-229_jpg.rf.8591496c5be08eade2f51c29fc778b16.jpg,16,0.018498074263334274,0.13634830713272095,0.4809017777442932,13,0.0373974609375,0.15126708984375004,Parah
acne-231_jpg.rf.1cd2a3859515dc13d6a63b170955bb1a.jpg,30,0.007641058415174484,0.07655271887779236,0.4293496310710907,25,0.0077880859375,0.0540380859375,Sedang
acne-231_jpg.rf.4ac75e257d40f76ffb01f2c7a8b414f3.jpg,29,0.007050154730677605,0.07026150077581406,0.42814627289772034,25,0.0077880859375,0.0543865966796875,Sedang
acne-231_jpg.rf.f9b0b42590fb64c5665447317c06c997.jpg,31,0.007427556440234184,0.0737866535782814,0.43609172105789185,25,0.0077880859375,0.0540380859375,Sedang
acne-232_jpg.rf.a0d2522aa8b5f9a61f692c488394fc7b.jpg,38,0.020117439329624176,0.15277867019176483,0.44115009903907776,27,0.006660156250000001,0.08307128906249998,Sedang
acne-232_jpg.rf.c675be6b07a6bf37519db31b5167e4c7.jpg,39,0.020187802612781525,0.15541547536849976,0.4444478452205658,27,0.0065380859375,0.082591552734375,Sedang
acne-232_jpg.rf.dfc421bc3c14ce68a07ee757c071a0ab.jpg,33,0.020414751023054123,0.1268218755722046,0.4876366853713989,27,0.006660156250000001,0.08307128906249998,Sedang
acne-233_jpg.rf.9dea716314f6337abf96cde4f779123f.jpg,41,0.0049577318131923676,0.10587412118911743,0.4024410843849182,38,0.00779296875,0.13984191894531248,Parah
acne-233_jpg.rf.bc960d277ff83a8d84cfb37a6323455a.jpg,23,0.004181286785751581,0.04979967698454857,0.3731919527053833,38,0.007734374999999999,0.14017822265625,Parah
acne-233_jpg.rf.def5958145685575eb337e5c599b5cf5.jpg,29,0.00412907637655735,0.06853964179754257,0.3653941750526428,38,0.007734374999999999,0.14017822265625,Parah
acne-234_jpg.rf.40a36612561ebdd4f815d2868b3a19da.jpg,35,0.003335412824526429,0.046539101749658585,0.39326176047325134,31,0.0038482666015625,0.026383056640625,Sedang
acne-234_jpg.rf.d11b7694547229ae40b68f4f9a3486ad.jpg,28,0.003188595874235034,0.03596384823322296,0.3876359760761261,31,0.00375,0.026430664062500005,Sedang
acne-234_jpg.rf.d6f9f966d1bf5799aa4d8b260cf1a07f.jpg,34,0.003385779447853565,0.04542890563607216,0.38853877782821655,31,0.00375,0.026406250000000006,Sedang
acne-235_jpg.rf.2ef71aabbc8d65a4ec7a38e95b2c355a.jpg,36,0.019458981230854988,0.20314201712608337,0.41621795296669006,24,0.015380859375,0.14413818359375002,Parah
acne-235_jpg.rf.75e061e02231a1cce3fde16fb36b707c.jpg,31,0.019943194463849068,0.19222715497016907,0.418137788772583,24,0.015380859375,0.14413818359375002,Parah
acne-235_jpg.rf.ddcc61451447d013bca45e397e90c1af.jpg,32,0.020535707473754883,0.17201432585716248,0.44558948278427124,24,0.015303955078124999,0.14386474609375,Parah
acne-238_jpg.rf.71f5e25e5ac28ad76396f7a62f89ee84.jpg,18,0.005501645151525736,0.050328440964221954,0.4547887444496155,17,0.005781250000000001,0.06253662109375,Sedang
acne-238_jpg.rf.80f847a030394d5465ce92577e178e3d.jpg,24,0.00770961120724678,0.08141255378723145,0.4388646185398102,17,0.005781250000000001,0.06264892578124999,Sedang
acne-238_jpg.rf.87930190461918c137e4496b995c318b.jpg,25,0.005527207627892494,0.06277511268854141,0.41118377447128296,17,0.005781250000000001,0.06278381347656249,Sedang
acne-23_jpeg.rf.14c0b14b2e85e50c5acbb0b3b4bd90e1.jpg,8,0.006668057292699814,0.030990563333034515,0.4083535373210907,8,0.008840332031249998,0.04926025390625,Sedang
acne-23_jpeg.rf.49017ec32bbf42c7a6e18af4da3b267d.jpg,6,0.004197730217128992,0.021157732233405113,0.3673294484615326,8,0.0086669921875,0.0490869140625,Sedang
acne-23_jpeg.rf.9b1966c79bed572c432113b6b3de912d.jpg,10,0.004455664195120335,0.03531600907444954,0.3479255139827728,8,0.008753662109375,0.049271850585937506,Sedang
acne-240_jpg.rf.db60c7b36784891f222f2e2defbb77bb.jpg,20,0.008372507989406586,0.06268420070409775,0.4421946406364441,15,0.009453125000000001,0.06306640625,Sedang
acne-240_jpg.rf.e843d0318dbc2602b10d182fed2aac33.jpg,20,0.009848476387560368,0.06855602562427521,0.46640902757644653,15,0.009453125000000001,0.06306640625,Sedang
acne-240_jpg.rf.f4e59c1cc25d5988f634396e23fa0745.jpg,20,0.009686154313385487,0.06557375937700272,0.4869779050350189,15,0.009398803710937499,0.0631622314453125,Sedang
acne-241_jpg.rf.6315111a0caf2cc662e131b3dd0b294a.jpg,35,0.013199275359511375,0.1390308141708374,0.41099464893341064,30,0.011562500000000002,0.1267138671875,Parah
acne-241_jpg.rf.9eeb9ff941f8813eb9c830bba65289f2.jpg,35,0.013910735957324505,0.16544003784656525,0.42282378673553467,30,0.011484375,0.1270819091796875,Parah
acne-241_jpg.rf.de2bfe112d02fe95a39e2a5ff3fb4f06.jpg,39,0.015394541434943676,0.18388396501541138,0.4297342598438263,30,0.011562500000000002,0.1267138671875,Parah
acne-242_jpg.rf.163bea139c1038429a67cdefdb3da7ed.jpg,13,0.003889975603669882,0.029293403029441833,0.4980800449848175,14,0.0034606933593749997,0.033082885742187505,Sedang
acne-242_jpg.rf.8901e40c234ee9f5c2e28d27b0de354e.jpg,15,0.0036305307876318693,0.034773822873830795,0.4776817560195923,14,0.00341796875,0.032675781249999994,Sedang
acne-242_jpg.rf.e8a6235ffe20050705548f7cadf05737.jpg,14,0.003734879195690155,0.030634351074695587,0.48057177662849426,14,0.00341796875,0.032612304687499996,Sedang
acne-243_jpeg.rf.224276464dae0015106b49305689a71f.jpg,8,0.023109937086701393,0.08944787085056305,0.4354895353317261,6,0.0316845703125,0.10189208984374999,Parah
acne-243_jpeg.rf.f3d5b38abbb217c911e3780085133be5.jpg,7,0.02213483303785324,0.09143685549497604,0.3793410360813141,6,0.031810302734375004,0.102479248046875,Parah
acne-243_jpeg.rf.ff8b7eddd7999e473316b3c51c5d98fa.jpg,8,0.018417270854115486,0.07723144441843033,0.48367542028427124,6,0.0316845703125,0.10189208984374999,Parah
acne-244_jpeg.rf.397fc919836ce234ec8b5a5d0fa686ce.jpg,5,0.00855609867721796,0.01910543255507946,0.3581485152244568,4,0.0081939697265625,0.0131939697265625,Ringan
acne-244_jpeg.rf.3aa7181fc3fd8edee88d3579a514f142.jpg,2,0.003705668728798628,0.006239407695829868,0.31922221183776855,4,0.008349609374999999,0.013349609374999998,Ringan
acne-244_jpeg.rf.c301c6f1c5b54fbe2210538f8f027be1.jpg,6,0.009011995047330856,0.020954333245754242,0.3110058307647705,4,0.008349609374999999,0.013349609374999998,Ringan
acne-245_jpeg.rf.4396c4ac2d28d1b4f6de0bcc62d4f30c.jpg,8,0.018787171691656113,0.0489417165517807,0.37528565526008606,26,0.020599365234375,0.16841430664062498,Parah
acne-245_jpeg.rf.716c1d56a9ef9e65968495aff2cb1915.jpg,23,0.009110258892178535,0.11034449934959412,0.3810534179210663,26,0.0204345703125,0.16851074218749998,Parah
acne-245_jpeg.rf.fc6a867547b19a5ffacd58e95139d1cb.jpg,7,0.007210109382867813,0.028191767632961273,0.3719983994960785,26,0.0204345703125,0.16851074218749998,Parah
acne-247_jpeg.rf.36e1a9fa30b36d245cfb72509a68db71.jpg,10,0.006745335645973682,0.039602965116500854,0.5154622793197632,7,0.00690673828125,0.03258056640625,Sedang
acne-247_jpeg.rf.609bebea165a5d6ed959aaef11f3e708.jpg,10,0.005760986357927322,0.03802185133099556,0.50251305103302,7,0.00690673828125,0.03258056640625,Sedang
acne-247_jpeg.rf.8b927d007d985691e46eadbc19f04ca4.jpg,8,0.0066599734127521515,0.030898019671440125,0.51462322473526,7,0.00690673828125,0.032607421874999994,Sedang
acne-248_jpeg.rf.2a7a9fa6acf6a2ec559666cc56987bfa.jpg,15,0.003799271536991,0.039706625044345856,0.41040119528770447,11,0.006884765625000001,0.046916503906250004,Sedang
acne-248_jpeg.rf.9e4f57bbf4202a85b336503d3b358c40.jpg,13,0.0036453178618103266,0.030918795615434647,0.4114610254764557,11,0.006884765625000001,0.046916503906250004,Sedang
acne-248_jpeg.rf.ba3f7c48a04cf4cc9b0a9ac8a6ec58d0.jpg,15,0.0037236253265291452,0.03893110528588295,0.41291049122810364,11,0.006827392578125001,0.0468377685546875,Sedang
acne-249_jpeg.rf.0fab9e777d354aa5e63acdaef998679e.jpg,8,0.003401742782443762,0.019510343670845032,0.4967309534549713,6,0.0023236083984375,0.013078613281250002,Ringan
acne-249_jpeg.rf.4060e71acec2c63b9a52b027c8efa9ac.jpg,6,0.0026879478245973587,0.01364185195416212,0.4464634656906128,6,0.00234375,0.01318359375,Ringan
acne-249_jpeg.rf.74586fb9ccb9b2b9cd14569cf17e5866.jpg,8,0.006867045070976019,0.0237794928252697,0.4455495774745941,6,0.00234375,0.01318359375,Ringan
acne-24_jpeg.rf.baa0f5a4aeba2132b48dd958e6911b1a.jpg,4,0.002417209092527628,0.008168878965079784,0.369157075881958,8,0.002734375,0.0155328369140625,Ringan
acne-24_jpeg.rf.d8d7cdb672a8c411c9822ed978d0f06b.jpg,10,0.002445785328745842,0.01782296597957611,0.4280126094818115,8,0.002734375,0.015527343750000002,Ringan
acne-24_jpeg.rf.e9277e4ceaa85466f5ef66341947b8e8.jpg,5,0.019195010885596275,0.02992001548409462,0.3779365122318268,8,0.002734375,0.015527343750000002,Ringan
acne-250_jpeg.rf.1685917ec76c978971bd9c1b32a19678.jpg,9,0.011317634955048561,0.05388115718960762,0.4043258726596832,3,0.010205078125,0.024853515625,Sedang
acne-250_jpeg.rf.2b1fce5f13deb5d4c1483ee4d0ebadd6.jpg,8,0.009400543756783009,0.04570072144269943,0.49161291122436523,3,0.010205078125,0.02492431640625,Sedang
acne-250_jpeg.rf.6692d9b364eaea9ba7f70cf45ec4a68b.jpg,7,0.01119239255785942,0.04483366385102272,0.44971632957458496,3,0.010205078125,0.024853515625,Sedang
acne-251_jpeg.rf.2a9f2c9b3c607680d42bfdaefb369f85.jpg,9,0.016757844015955925,0.0886991024017334,0.4145781695842743,8,0.016156616210937502,0.082027587890625,Sedang
acne-251_jpeg.rf.36071d927cffe148bde795307ecf352d.jpg,12,0.017788637429475784,0.11087750643491745,0.4028305113315582,8,0.01625,0.0822802734375,Sedang
acne-251_jpeg.rf.3ffc5e75a252fe9ed7ee8e2ff38bb378.jpg,12,0.015364531427621841,0.10025057941675186,0.380287766456604,8,0.01625,0.0822802734375,Sedang
acne-252_jpeg.rf.02d3e4f593f97ac628edb768652d09bc.jpg,14,0.009565811604261398,0.0590696781873703,0.450620174407959,18,0.013780517578125,0.10081787109375002,Parah
acne-252_jpeg.rf.44d57ce03a6816d5db621664c52c4fce.jpg,15,0.009372211061418056,0.06084856390953064,0.42045798897743225,18,0.0138671875,0.101171875,Parah
acne-252_jpeg.rf.98d057b590c7d2661a0c3baa1bd01187.jpg,15,0.010024861432611942,0.07061232626438141,0.44933369755744934,18,0.0138671875,0.1010498046875,Parah
acne-253_jpeg.rf.0d8326d149e20928c2b1c1138e716a3d.jpg,15,0.015206240117549896,0.09004724770784378,0.4060877859592438,17,0.015380859375,0.14955322265625004,Parah
acne-253_jpeg.rf.7ac45e1686120921503191edd292aaf5.jpg,12,0.014284176751971245,0.07559339702129364,0.35032740235328674,17,0.015490722656249999,0.1497113037109375,Parah
acne-253_jpeg.rf.e154d63b84079d632df8e55caed9cfa9.jpg,14,0.01208428479731083,0.0760221928358078,0.41537007689476013,17,0.015380859375,0.14955322265625004,Parah
acne-254_jpeg.rf.3804dd6f10c511c2ec0763aaf55594a4.jpg,17,0.01349169947206974,0.10052571445703506,0.3998025059700012,14,0.0114697265625,0.05634460449218749,Sedang
acne-254_jpeg.rf.88cbc08ac5888b008a34030b7d82e2a4.jpg,14,0.010337840765714645,0.06343523412942886,0.4069242477416992,14,0.011601562500000002,0.05627929687500001,Sedang
acne-254_jpeg.rf.e9349a9efaa9442bc374fccbded6ff60.jpg,16,0.010070335119962692,0.06993994861841202,0.4196542501449585,14,0.011601562500000002,0.05627929687500001,Sedang
acne-255_jpeg.rf.9291c5262240f4fbda98110fa6ab6b1e.jpg,18,0.030616020783782005,0.27815520763397217,0.4313429296016693,16,0.03724365234375,0.31947265625,Parah
acne-255_jpeg.rf.aa4f675a126ab3ecd31f53c8d9754976.jpg,16,0.03293167054653168,0.22262661159038544,0.40547114610671997,16,0.03724365234375,0.3193756103515625,Parah
acne-255_jpeg.rf.d08fb6f41c766b708aca5e0df7021654.jpg,17,0.028431927785277367,0.26362648606300354,0.4403010904788971,16,0.03724365234375,0.31947265625,Parah
acne-256_jpeg.rf.264048eed0beacf9b87715f34f5279a4.jpg,12,0.04993357136845589,0.1710665374994278,0.41144123673439026,9,0.0549072265625,0.1792474365234375,Parah
acne-256_jpeg.rf.9b889ac65bb1c85b33a2c314284ad6be.jpg,14,0.02661668136715889,0.16629230976104736,0.46119552850723267,9,0.0549072265625,0.179296875,Parah
acne-256_jpeg.rf.c22c1638acc0a779fe97ebbb758cdd2d.jpg,7,0.018386438488960266,0.07037540525197983,0.3751526474952698,9,0.0549072265625,0.179296875,Parah
acne-258_jpeg.rf.1d696f16032fca31a79513c9331d5ed0.jpg,13,0.003923246171325445,0.030483022332191467,0.38151586055755615,9,0.003486328125,0.020107421875,Ringan
acne-258_jpeg.rf.c6937ddeacbc12fceaba7a559a419cf0.jpg,11,0.0034035425633192062,0.023525452241301537,0.3708677291870117,9,0.0034759521484375,0.0201336669921875,Ringan
acne-258_jpeg.rf.c8c4a7a7a56b356380046d016e3c11f0.jpg,16,0.0033093795645982027,0.0342600978910923,0.41457751393318176,9,0.003486328125,0.020107421875,Ringan
acne-259_jpeg.rf.08339d4984a98c11ac6656873b322c50.jpg,9,0.030862385407090187,0.12661808729171753,0.4135948717594147,5,0.022099609375,0.04863525390625,Sedang
acne-259_jpeg.rf.77da9681a14010b5ac66fb38eef85c07.jpg,6,0.02014109678566456,0.05747804790735245,0.43495240807533264,5,0.022010498046875,0.048562622070312506,Sedang
acne-259_jpeg.rf.a8d0bd1f501bcaec124233bceb542373.jpg,8,0.01863349974155426,0.059216976165771484,0.41081947088241577,5,0.022099609375,0.04863525390625,Sedang
acne-260_jpeg.rf.56e7a9f22a7851f1b53be292fdb929c9.jpg,21,0.007655911613255739,0.07789339870214462,0.49927717447280884,13,0.005532226562500001,0.0493914794921875,Sedang
acne-260_jpeg.rf.5c8e935a9fab3530d525cd1d89cd22ab.jpg,22,0.007609699387103319,0.07601136714220047,0.5028391480445862,13,0.005585937500000001,0.04897705078125,Sedang
acne-260_jpeg.rf.ece37464f2edf715db748266485a76f6.jpg,20,0.006693004164844751,0.0830768570303917,0.4728825092315674,13,0.005585937500000001,0.04897705078125,Sedang
acne-261_jpeg.rf.28f94e254d0dd7756dbce49f63ce2d97.jpg,10,0.006870701443403959,0.04352470859885216,0.44596344232559204,7,0.006867675781249999,0.03768310546875,Sedang
acne-261_jpeg.rf.2c09c204860acdd00631efedb161eaee.jpg,7,0.006237546913325787,0.03454526886343956,0.41126617789268494,7,0.006796875,0.037797851562500005,Sedang
acne-261_jpeg.rf.3df1d961af27dde5e7b5f68a8fa72494.jpg,8,0.00884341262280941,0.04327075928449631,0.5194078683853149,7,0.006796875,0.037797851562500005,Sedang
acne-262_jpeg.rf.36a982c9495a6f9378a19e9344bd6d09.jpg,10,0.011442415416240692,0.055897489190101624,0.4713650643825531,9,0.011611328124999999,0.041689453125,Sedang
acne-262_jpeg.rf.5d09bed19804b673a2ac648102744558.jpg,8,0.011147835291922092,0.04025702178478241,0.4315960705280304,9,0.011711425781249998,0.041741943359375,Sedang
acne-262_jpeg.rf.afa37603fe5f54b8eace275167430729.jpg,9,0.010996649041771889,0.045434486120939255,0.4807354211807251,9,0.011611328124999999,0.0416064453125,Sedang
acne-263_jpeg.rf.05b2f4de9e3a20b040f1dfb8b74d2d1a.jpg,22,0.004925097338855267,0.0631706640124321,0.3928467035293579,23,0.0109375,0.088876953125,Sedang
acne-263_jpeg.rf.45f08e159b5752a86f7ed01459f7b4ed.jpg,5,0.00315270759165287,0.011344995349645615,0.33228614926338196,23,0.0109375,0.088876953125,Sedang
acne-263_jpeg.rf.fd0b33ee0dbe2fe0fc08d144d704d1ff.jpg,20,0.013942408375442028,0.06358743458986282,0.3982439339160919,23,0.0109075927734375,0.0886712646484375,Sedang
acne-264_jpeg.rf.4ca425fecee74e503bca84463aab5cf7.jpg,14,0.031060855835676193,0.0908324122428894,0.41393572092056274,14,0.0095751953125,0.07136230468749999,Sedang
acne-264_jpeg.rf.c2f687a278fc20c5411577713e0f11a8.jpg,19,0.012197451665997505,0.10886850208044052,0.3880898356437683,14,0.0095751953125,0.07136230468749999,Sedang
acne-264_jpeg.rf.c9ef70d5db9441f96fbda14d7ee9fe92.jpg,17,0.014812943525612354,0.09176069498062134,0.36738625168800354,14,0.0095751953125,0.07125854492187501,Sedang
acne-265_jpeg.rf.221c9b831e6923d24de3460c49072b99.jpg,21,0.009833005256950855,0.07147718220949173,0.4258480668067932,18,0.012509765625,0.08266845703125,Sedang
acne-265_jpeg.rf.28dc1f89934291b26b04c66bcbf57be0.jpg,20,0.009146769531071186,0.07408273965120316,0.445540189743042,18,0.012509765625,0.08266845703125,Sedang
acne-265_jpeg.rf.6d35e98ec4f69eb5a8012b50c7c2f608.jpg,21,0.009813684038817883,0.07921016961336136,0.4212343692779541,18,0.012658691406249999,0.08263977050781249,Sedang
acne-266_jpeg.rf.28933fedfa8b3997cabeeec11f865667.jpg,6,0.012708732858300209,0.033601004630327225,0.38100478053092957,4,0.012557373046874999,0.0380401611328125,Sedang
acne-266_jpeg.rf.8544320c91133e2f95af7c7512e06f19.jpg,9,0.008579055778682232,0.04469309747219086,0.31414270401000977,4,0.01240234375,0.0378759765625,Sedang
acne-266_jpeg.rf.f24013f661ebe46b8fcc302349ae81e2.jpg,5,0.006734117399901152,0.02288067899644375,0.34777823090553284,4,0.01240234375,0.0378759765625,Sedang
acne-268_jpeg.rf.5acc4a588a7bd16225522b12673f6f90.jpg,23,0.019922690466046333,0.1751495748758316,0.3931974470615387,14,0.022578125,0.18427001953125002,Parah
acne-268_jpeg.rf.e5a4f44f0af800e8d58fe2c7ccbc39da.jpg,21,0.024286100640892982,0.1827799379825592,0.4477129876613617,14,0.022500000000000003,0.18433105468749997,Parah
acne-268_jpeg.rf.f5740bd4e859015e8d02ec408dc4aec2.jpg,20,0.013040859252214432,0.14556089043617249,0.4178980886936188,14,0.022500000000000003,0.18433105468749997,Parah
acne-269_jpeg.rf.3fdd24755d11661703669be0ca18a612.jpg,25,0.005583029240369797,0.06576383858919144,0.41752493381500244,17,0.009667968749999999,0.059523925781249994,Sedang
acne-269_jpeg.rf.bbfda39f824b3e05daaa3f17cc28b2a8.jpg,21,0.005655425600707531,0.0601063147187233,0.45068708062171936,17,0.009667968749999999,0.059523925781249994,Sedang
acne-269_jpeg.rf.e507376b24748624f92d3c0b37391e00.jpg,28,0.00835038535296917,0.07878901064395905,0.4104512333869934,17,0.009587402343749999,0.0594354248046875,Sedang
acne-270_jpeg.rf.02b4b1d03ec73351a0ab15ea93028650.jpg,24,0.02033695951104164,0.1715872436761856,0.506767988204956,18,0.019091796875,0.15007568359374995,Parah
acne-270_jpeg.rf.5cfa8c65b242d57a44805ffe812a01e5.jpg,25,0.016912024468183517,0.20011849701404572,0.5166944265365601,18,0.019091796875,0.14987792968749997,Parah
acne-270_jpeg.rf.b76440e3612c6a660c7e1932e81da7e4.jpg,21,0.018461965024471283,0.15561746060848236,0.49478620290756226,18,0.019232177734374998,0.14981262207031246,Parah
acne-272_jpeg.rf.8e771c50868bbb1091207a059ca3dca0.jpg,13,0.005516557022929192,0.050202954560518265,0.34820759296417236,35,0.019204711914062502,0.18657348632812504,Parah
acne-272_jpeg.rf.f2a52a5091e827195d89bb2e1adc68f2.jpg,36,0.010321425274014473,0.1741974651813507,0.382654070854187,35,0.019423828124999997,0.1871142578125,Parah
acne-272_jpeg.rf.f60235307b067bc131380ed6671437a4.jpg,34,0.011058466508984566,0.1831868290901184,0.3771318197250366,35,0.019423828124999997,0.1868994140625,Parah
acne-273_jpeg.rf.2c96969d8a1f9e271106aa1845ae2c3d.jpg,32,0.02170996181666851,0.17507964372634888,0.38387900590896606,22,0.0121630859375,0.11985839843750001,Parah
acne-273_jpeg.rf.e18dc566aa45fcabd5a200dd86074c60.jpg,10,0.014901911839842796,0.044575318694114685,0.40204325318336487,22,0.0121630859375,0.11971679687500002,Parah
acne-273_jpeg.rf.f1b90cd6256ff39c393140634e65b4f5.jpg,27,0.018386177718639374,0.1482362300157547,0.4018089175224304,22,0.012243652343750001,0.1194427490234375,Parah
acne-274_jpeg.rf.18debabcc2bd570e8ba04deee7365362.jpg,11,0.017084499821066856,0.05902295559644699,0.494869589805603,9,0.020233154296875,0.055533447265625,Sedang
acne-274_jpeg.rf.6e5283ddb6357ba59b0df93ae4ae593e.jpg,14,0.02005014382302761,0.07180201262235641,0.45445749163627625,9,0.0201416015625,0.05529785156250001,Sedang
acne-274_jpeg.rf.b89c832c00d43006a473c082a676bf8a.jpg,13,0.01779162511229515,0.06342526525259018,0.4914838969707489,9,0.0201416015625,0.05529785156250001,Sedang
acne-275_jpeg.rf.962d3c2a351449de8f7a218c4a5f6cb0.jpg,11,0.008440342731773853,0.03993047773838043,0.4204154312610626,6,0.0046484375,0.02240478515625,Ringan
acne-275_jpeg.rf.bf7708c917e32843d1256126e9901939.jpg,10,0.00367116485722363,0.02802252769470215,0.4446203112602234,6,0.0046484375,0.02240478515625,Ringan
acne-275_jpeg.rf.f2994243e64d1c183465fb7d9141e955.jpg,12,0.007877402938902378,0.04498599097132683,0.452675461769104,6,0.0046746826171875,0.022424926757812498,Ringan
acne-277_jpeg.rf.22d440c4bcd4d50ed40790f3ee2d2fd4.jpg,20,0.011052646674215794,0.114158995449543,0.4813686013221741,15,0.0128173828125,0.0996343994140625,Sedang
acne-277_jpeg.rf.9240ff1d70d0b4c8334f56855261ff92.jpg,20,0.014650696888566017,0.12826383113861084,0.40026697516441345,15,0.012714843750000001,0.099912109375,Sedang
acne-277_jpeg.rf.c933b8a394f5fb21129277aff731ad04.jpg,27,0.010592572391033173,0.1184014230966568,0.4288572371006012,15,0.012714843750000001,0.099912109375,Sedang
acne-278_jpeg.rf.3e21ea9cfde6b63b9819b6ba5f5ff54f.jpg,13,0.019346101209521294,0.09904536604881287,0.45962679386138916,11,0.018691406249999997,0.1041748046875,Parah
acne-278_jpeg.rf.4204e0cf965d42b30ed06382b7499776.jpg,19,0.012510651722550392,0.09469888359308243,0.4070759415626526,11,0.018691406249999997,0.1041748046875,Parah
acne-278_jpeg.rf.5cd572723b9c01814a9f32f79bb16fde.jpg,14,0.01703621819615364,0.10834428668022156,0.429764062166214,11,0.0186004638671875,0.103878173828125,Parah
acne-279_jpeg.rf.574135e32a8f9a735a8c0156b34fc33c.jpg,6,0.008833371102809906,0.030259786173701286,0.5259377360343933,6,0.00994873046875,0.034490966796875,Sedang
acne-279_jpeg.rf.58a6424ac5746b92c772d2bc9a62b183.jpg,7,0.010356291197240353,0.039529986679553986,0.5002983212471008,6,0.010009765625,0.034768066406250006,Sedang
acne-279_jpeg.rf.c93f53ae9fdc420e918ca3d523cb7699.jpg,10,0.013183976523578167,0.05413823202252388,0.41889795660972595,6,0.010009765625,0.034768066406250006,Sedang
acne-280_jpeg.rf.043d7ff205e61574c18d1a51dbc8e528.jpg,10,0.02017325721681118,0.12370499968528748,0.5129920840263367,10,0.021396484375,0.13067565917968751,Parah
acne-280_jpeg.rf.2e05aec0290c93461730b485a4454f32.jpg,12,0.0193159282207489,0.13071811199188232,0.5620360970497131,10,0.021328125,0.1305712890625,Parah
acne-280_jpeg.rf.3fc1d746ee1d9ee8f94e5b8e13869c32.jpg,13,0.019900090992450714,0.13728436827659607,0.5778908729553223,10,0.021328125,0.1305712890625,Parah
acne-281_jpeg.rf.269c38281b84a2a86e0f987e62edc571.jpg,22,0.012067699804902077,0.10572674870491028,0.40093567967414856,16,0.011816406250000001,0.08158691406249999,Sedang
acne-281_jpeg.rf.d8eabd19871f7dd2e7cffe7825a2fe01.jpg,14,0.011419683694839478,0.06388086080551147,0.4114205539226532,16,0.011816406250000001,0.08170410156249999,Sedang
acne-281_jpeg.rf.f2072868eb678168f54f10187606759c.jpg,19,0.015771696344017982,0.10622333735227585,0.3853698968887329,16,0.011749267578125,0.08133056640625,Sedang
acne-282_jpeg.rf.2b0cc8d72fc1111adda59750e815492e.jpg,13,0.03427981957793236,0.16041965782642365,0.4130159616470337,12,0.054916992187500006,0.19349121093750002,Parah
acne-282_jpeg.rf.a47b3c0ba41952cdbcf2e571490a4a7f.jpg,14,0.05134589970111847,0.2017766237258911,0.4152734875679016,12,0.055115966796875,0.19363708496093748,Parah
acne-282_jpeg.rf.a7f5d7ac92b15c00f45b5d8d90e8e81c.jpg,9,0.017155468463897705,0.09401722252368927,0.3942527770996094,12,0.054916992187500006,0.19349121093750002,Parah
acne-283_jpeg.rf.682f2f5641c37539f30f61ba73192625.jpg,8,0.010203531943261623,0.040135230869054794,0.42205652594566345,5,0.008125,0.032587890625000004,Sedang
acne-283_jpeg.rf.f08f5a8e3cdceeaba0bb98f188a7a3e0.jpg,7,0.012466827407479286,0.04266047105193138,0.4471452236175537,5,0.008125,0.0325811767578125,Sedang
acne-283_jpeg.rf.f605ae91ce57e0d4138bdf279cc17397.jpg,6,0.011731527745723724,0.039822764694690704,0.4943254888057709,5,0.008125,0.032587890625000004,Sedang
acne-285_jpeg.rf.2303ee48a34ad787cb483d5014cce61c.jpg,10,0.008791676722466946,0.04552406445145607,0.4161009192466736,5,0.00708984375,0.029194335937499996,Ringan
acne-285_jpeg.rf.9e03cf2f6e78640d15671d542de12cac.jpg,8,0.00868453923612833,0.04574364051222801,0.5118635296821594,5,0.00708984375,0.029194335937499996,Ringan
acne-285_jpeg.rf.d5899ab24f731625c88f2309bdf693d2.jpg,10,0.0065482985228300095,0.04281921312212944,0.44307899475097656,5,0.006956176757812499,0.0289251708984375,Ringan
acne-287_jpeg.rf.0e3351b30d0ffeee1c87427015114682.jpg,3,0.011582412756979465,0.018363209441304207,0.3998514711856842,0,0.0,0.0,Bebas Jerawat
acne-287_jpeg.rf.26a033f8acf312e5ae68de86a886be7a.jpg,3,0.005759592168033123,0.012401092797517776,0.2942289412021637,0,0.0,0.0,Bebas Jerawat
acne-287_jpeg.rf.2f8ab412b79cdc05c82405422d9da6fa.jpg,4,0.011701933108270168,0.0281936414539814,0.3609800934791565,0,0.0,0.0,Bebas Jerawat
acne-288_jpeg.rf.0ef9f5fbfd0cb74a936672dcc9c9ea7c.jpg,27,0.03127504512667656,0.27458497881889343,0.4169463813304901,17,0.0493267822265625,0.3303759765625,Parah
acne-288_jpeg.rf.6bc0d3fb53c759d5318cf7f1658d817f.jpg,30,0.030758297070860863,0.3390895128250122,0.40321117639541626,17,0.048974609375000006,0.32925537109375,Parah
acne-288_jpeg.rf.d391fc8b216dec340d6239c8174c5f80.jpg,32,0.03047659620642662,0.3483659625053406,0.416340172290802,17,0.048974609375000006,0.32925537109375,Parah
acne-289_jpeg.rf.667cb427eee802286bce9c6867829f9b.jpg,6,0.02618858776986599,0.06554195284843445,0.5057377219200134,4,0.026624145507812502,0.061848144531249996,Sedang
acne-289_jpeg.rf.84b2a2a9e363095c3f506fe4b2cd98ad.jpg,7,0.0259697362780571,0.07497212290763855,0.4383552670478821,4,0.0263671875,0.061484374999999994,Sedang
acne-289_jpeg.rf.d3defa0dc791248893efb70114f0744a.jpg,6,0.02657465636730194,0.06660917401313782,0.4885077476501465,4,0.0263671875,0.061484374999999994,Sedang
acne-28_jpeg.rf.0779dcb29db01f05b5e55255fd894752.jpg,14,0.0048452820628881454,0.0388619601726532,0.5263553261756897,11,0.004570312500000001,0.0289013671875,Ringan
acne-28_jpeg.rf.e49869b4920dbb3e623c1724bad853c6.jpg,11,0.004364523105323315,0.0294430423527956,0.5804609656333923,11,0.004570312500000001,0.0289013671875,Ringan
acne-28_jpeg.rf.ebdca88990f4baf196b8147e5d785fbe.jpg,8,0.0050103627145290375,0.023588351905345917,0.4322938919067383,11,0.0046337890625,0.028910522460937504,Ringan
acne-293_jpeg.rf.4c57ffc9138c5c8ceb3f16e8f57431e4.jpg,9,0.025672918185591698,0.1462847888469696,0.39206135272979736,9,0.040332031250000004,0.21501220703125,Parah
acne-293_jpeg.rf.b29d595aa8eb4598f5518af9f64e8ed1.jpg,8,0.038637131452560425,0.1364172399044037,0.4298027753829956,9,0.040332031250000004,0.21501220703125,Parah
acne-293_jpeg.rf.b5a85b35c691244b87786afaa916d226.jpg,10,0.04127363860607147,0.21984238922595978,0.4010182321071625,9,0.0406475830078125,0.2155487060546875,Parah
acne-294_jpeg.rf.06965fed951caff14fdd95dcdb3fee1d.jpg,9,0.0035084905102849007,0.02289954386651516,0.4655519127845764,6,0.0044921875,0.0192919921875,Ringan
acne-294_jpeg.rf.07555dc6d9d86c479ead2905b6ffa370.jpg,10,0.004029974807053804,0.028954818844795227,0.4649999737739563,6,0.0044921875,0.0192919921875,Ringan
acne-294_jpeg.rf.2fc2cae80fb6ad75143c3db3f73b5712.jpg,7,0.0037000877782702446,0.01933738775551319,0.5152471661567688,6,0.00454833984375,0.019256591796875,Ringan
acne-295_jpeg.rf.308ad47a267ea8383e5c26334a6d343b.jpg,17,0.012942519970238209,0.08692612498998642,0.4169618487358093,14,0.010869140625,0.0737646484375,Sedang
acne-295_jpeg.rf.e1794d40fb18dc5a76f22a2f93f57ed3.jpg,14,0.013078339397907257,0.08154057711362839,0.4447754919528961,14,0.010869140625,0.0737646484375,Sedang
acne-295_jpeg.rf.fbce78c91767f2528943f8a808c989d5.jpg,16,0.01268545538187027,0.08354996889829636,0.4402618706226349,14,0.010790405273437501,0.0734320068359375,Sedang
acne-296_jpeg.rf.0c793eaa8ff4040f8f4773c85cbf0229.jpg,9,0.014558509923517704,0.046438779681921005,0.4619032144546509,7,0.013999023437499999,0.0414306640625,Sedang
acne-296_jpeg.rf.1305224378083f2a2a7325a85e529cd2.jpg,10,0.013466613367199898,0.04603409767150879,0.46969088912010193,7,0.013999023437499999,0.0414306640625,Sedang
acne-296_jpeg.rf.4b7a51eef9635e31d42f3cb2a86648c7.jpg,9,0.013258772902190685,0.04233155399560928,0.5062171220779419,7,0.014073486328124997,0.0415203857421875,Sedang
acne-297_jpeg.rf.88dc8c0f4c7b088c16aade56961db50e.jpg,7,0.010546641424298286,0.03303752839565277,0.40385764837265015,7,0.011611328124999999,0.04203247070312499,Sedang
acne-297_jpeg.rf.ad7f6811d6c985982b88fdacd9c3cdd0.jpg,7,0.010062916204333305,0.02653462439775467,0.3808116912841797,7,0.011611328124999999,0.042065429687499996,Sedang
acne-297_jpeg.rf.fa66ef476c33461675c5b2296b901a6d.jpg,9,0.009617376141250134,0.03495718166232109,0.4460441768169403,7,0.011611328124999999,0.042065429687499996,Sedang
acne-298_jpeg.rf.73b96de78ba1c2aa86eda297a5a7fb22.jpg,8,0.021422481164336205,0.0581648051738739,0.4241633713245392,6,0.010786132812500002,0.03944580078125,Sedang
acne-298_jpeg.rf.80a33e3d695ddd6b1552a5bce6e98d4e.jpg,8,0.020551683381199837,0.06144660338759422,0.42922547459602356,6,0.010786132812500002,0.03935180664062501,Sedang
acne-298_jpeg.rf.8445c28ab2956fcd0168767b748c9b3f.jpg,9,0.020706525072455406,0.06291687488555908,0.4171317219734192,6,0.010786132812500002,0.039284667968750006,Sedang
acne-299_jpeg.rf.110c3f91aa4758e9fd18fbe5975c1e38.jpg,16,0.00867129024118185,0.06989487260580063,0.41691482067108154,11,0.0084912109375,0.06451171875,Sedang
acne-299_jpeg.rf.193780200dffa83e6069b20d7eb65086.jpg,14,0.007133990526199341,0.058452583849430084,0.39903321862220764,11,0.008433837890625,0.064962158203125,Sedang
acne-299_jpeg.rf.ec7aa0661240eaab8fc8fcbe05ad558b.jpg,16,0.008955317549407482,0.07400540262460709,0.3892616033554077,11,0.0084912109375,0.06451171875,Sedang
acne-29_jpeg.rf.707590656ec25deb88c16de37d21d7ed.jpg,11,0.006114919204264879,0.03463007137179375,0.3862173855304718,17,0.00460693359375,0.0442333984375,Sedang
acne-29_jpeg.rf.a24f12e840936acca22493e5b9b680c4.jpg,12,0.004747861530631781,0.031556807458400726,0.37847626209259033,17,0.00460693359375,0.044111328125,Sedang
acne-29_jpeg.rf.b4046180aab488bb66e4526381a0bae1.jpg,12,0.004011398646980524,0.03177965432405472,0.3591647446155548,17,0.00460693359375,0.04414794921875,Sedang
acne-300_jpeg.rf.0827844ebf261e9e2169581a6cb28874.jpg,17,0.04655182734131813,0.17197030782699585,0.4434078335762024,10,0.041748046875,0.1263525390625,Parah
acne-300_jpeg.rf.1b253f89f597b1b2d4c6ca99bda30381.jpg,9,0.039578747004270554,0.1158900186419487,0.5001035332679749,10,0.04156494140625,0.126214599609375,Parah
acne-300_jpeg.rf.37d6ebe89a9258816b60beac5c432deb.jpg,10,0.04030773043632507,0.11859335750341415,0.46851855516433716,10,0.041748046875,0.1263525390625,Parah
acne-301_jpeg.rf.3b8d86ba191dee67dc51b7e88356e287.jpg,8,0.01028620358556509,0.0389985516667366,0.38321274518966675,9,0.013696289062499999,0.0613775634765625,Sedang
acne-301_jpeg.rf.70af8f642e9ad2bf27fe5684850ef40e.jpg,14,0.008714985102415085,0.06354131549596786,0.3748686909675598,9,0.013696289062499999,0.061171875,Sedang
acne-301_jpeg.rf.8106738a68360a3b4b44213002378a11.jpg,9,0.005919049493968487,0.033527716994285583,0.4269659221172333,9,0.013696289062499999,0.061171875,Sedang
acne-302_jpeg.rf.39d5cd7876a0868d79a972616a4f9453.jpg,32,0.018774205818772316,0.1538928747177124,0.4004247784614563,16,0.016748046875000002,0.11730957031250001,Parah
acne-302_jpeg.rf.4fb146c4ee39e5667172f7c560eb8f9a.jpg,25,0.02161656878888607,0.12722329795360565,0.42434874176979065,16,0.016748046875000002,0.11730957031250001,Parah
acne-302_jpeg.rf.695c4d95f41391fbee11021363a7c2cf.jpg,26,0.020454468205571175,0.13854600489139557,0.40949103236198425,16,0.01686767578125,0.1172283935546875,Parah
acne-303_jpeg.rf.0afc7b236db9b4d5728bc61905f6a4ce.jpg,12,0.011027215979993343,0.05156859755516052,0.3757782280445099,13,0.010479125976562498,0.07064697265624999,Sedang
acne-303_jpeg.rf.bf471d912e0f8f2114ca931bae2a5e95.jpg,14,0.01033752877265215,0.06306714564561844,0.3769996166229248,13,0.0103125,0.07071777343749999,Sedang
acne-303_jpeg.rf.e7c788b6515756a248c34066f097814d.jpg,17,0.010875863954424858,0.07432562857866287,0.42866483330726624,13,0.0103125,0.07071777343749999,Sedang
acne-304_jpeg.rf.77962a6df5f121604e80cbb050034066.jpg,8,0.006370118353515863,0.02760801464319229,0.3574313521385193,6,0.00830810546875,0.02689697265625,Ringan
acne-304_jpeg.rf.ebbbd6ba2e236aa84216690eff37ec1d.jpg,6,0.008158578537404537,0.02646433375775814,0.37323737144470215,6,0.00810546875,0.026989746093750003,Ringan
acne-304_jpeg.rf.f6dababa61a42441d668032b4577994e.jpg,12,0.0060580396093428135,0.03960120677947998,0.4395412504673004,6,0.008206787109375,0.0270172119140625,Ringan
acne-305_jpeg.rf.2d1d279ddfea1b69eeefab989770cdd5.jpg,10,0.02082129567861557,0.09281009435653687,0.40670424699783325,6,0.0205859375,0.07027832031249999,Sedang
acne-305_jpeg.rf.447a131eee08348db9b4f2aaf24b89eb.jpg,8,0.01918337307870388,0.07809598743915558,0.4890982508659363,6,0.0205859375,0.07027832031249999,Sedang
acne-305_jpeg.rf.503758a0be691560a2e3d73ef1cc7695.jpg,11,0.020816711708903313,0.1018729880452156,0.3715306222438812,6,0.020344848632812502,0.07010070800781248,Sedang
acne-306_jpeg.rf.28d407fc7715d99a7a6484ecec821353.jpg,2,0.017664600163698196,0.03140856698155403,0.34220442175865173,2,0.0201416015625,0.039974365234375,Sedang
acne-306_jpeg.rf.40691f2c7cb3cd1adc01b94d628f07c2.jpg,1,0.021339137107133865,0.021339137107133865,0.31678101420402527,2,0.02001953125,0.0399462890625,Sedang
acne-306_jpeg.rf.93fbee6720c5a9b354b3453300bb3992.jpg,2,0.037341248244047165,0.04898466169834137,0.2567662000656128,2,0.02001953125,0.0399462890625,Sedang
acne-307_jpeg.rf.5297a008770db29598632a05048eba2b.jpg,7,0.007557964418083429,0.025653891265392303,0.40119367837905884,2,0.012260742187500001,0.015166015625000001,Sedang
acne-307_jpeg.rf.94c2dc3718bb5ad2581945c0fffcaa57.jpg,9,0.003501677419990301,0.02690337970852852,0.45892560482025146,2,0.012260742187500001,0.015166015625000001,Sedang
acne-307_jpeg.rf.ff4ac1e7b5ce5f6e0352711dfa73d20e.jpg,9,0.0037868120707571507,0.028203187510371208,0.46757829189300537,2,0.012147216796875,0.015095214843750001,Sedang
acne-308_jpeg.rf.210139eceb1e20107337f66369fdffed.jpg,15,0.012473443523049355,0.05957915633916855,0.4678635597229004,10,0.01265625,0.04890625,Sedang
acne-308_jpeg.rf.65b144d39627948716e4501a7076b315.jpg,11,0.012892625294625759,0.04879765585064888,0.5022780299186707,10,0.012557373046874999,0.048798828125000006,Sedang
acne-308_jpeg.rf.d62319b7946355fa41a8ade9b8473a68.jpg,12,0.01314244233071804,0.05096261203289032,0.4794536530971527,10,0.01265625,0.048671875,Sedang
acne-309_jpeg.rf.7e3da349c7bf40ef728a16e75e0d86de.jpg,7,0.016402190551161766,0.05752771347761154,0.41311129927635193,15,0.0168450927734375,0.15696655273437504,Parah
acne-309_jpeg.rf.c873de2e8d5769a1e9fbc1a8b7a507fd.jpg,12,0.010662318207323551,0.0684414878487587,0.35289666056632996,15,0.016875,0.15723144531250002,Parah
acne-309_jpeg.rf.ced4ac5492bed97773d915cca6c77df5.jpg,19,0.017049258574843407,0.09576515108346939,0.35899820923805237,15,0.016875,0.15723144531250002,Parah
acne-30_jpeg.rf.093be01147ffe73677435553b5ff88b3.jpg,13,0.003161809640005231,0.030943209305405617,0.40816476941108704,12,0.003046875,0.029638671875,Ringan
acne-30_jpeg.rf.323277384ff63e3204b6bdcdd1284356.jpg,11,0.0031245769932866096,0.02376503497362137,0.4674028158187866,12,0.003046875,0.029638671875,Ringan
acne-30_jpeg.rf.a0496a290183a84f56100a623fe63a30.jpg,11,0.0032046965789049864,0.023597635328769684,0.4313673675060272,12,0.00301513671875,0.029627685546874998,Ringan
acne-311_jpeg.rf.048b66cab5e30735f4e4d4293eeff8ea.jpg,7,0.006984751205891371,0.025478199124336243,0.3624085783958435,5,0.014567871093749999,0.029064331054687496,Sedang
acne-311_jpeg.rf.ce8c9d5044c01272993412e48f44d625.jpg,3,0.004777994938194752,0.010178035125136375,0.3866359293460846,5,0.014443359375,0.028806152343749995,Sedang
acne-311_jpeg.rf.f60d123b327f9ccf4a2fe23864562086.jpg,3,0.004612800199538469,0.010173964314162731,0.3447701632976532,5,0.014443359375,0.028806152343749995,Sedang
acne-312_jpeg.rf.1af65ed498f64c5050d20705378da211.jpg,43,0.01484135165810585,0.3025939166545868,0.4667167365550995,28,0.024653320312499998,0.22103271484375003,Parah
acne-312_jpeg.rf.ccaded28aeb5d25f057ed31075e6a2e2.jpg,43,0.014763496816158295,0.3036072254180908,0.47909119725227356,28,0.024653320312499998,0.22146484375,Parah
acne-312_jpeg.rf.e6122630d600d32cdb7d18aa87a5c874.jpg,45,0.016947034746408463,0.29521700739860535,0.4913192391395569,28,0.024653320312499998,0.22119628906250005,Parah
acne-313_jpeg.rf.da7c72144244084311cce5cdee2d51ae.jpg,15,0.026460954919457436,0.09691642969846725,0.4194313585758209,12,0.0131689453125,0.057133789062499996,Sedang
acne-313_jpeg.rf.e1078f4c5f586767c81afb7d1eef16e6.jpg,12,0.01227352861315012,0.04957778751850128,0.3756679594516754,12,0.0131689453125,0.0570489501953125,Sedang
acne-313_jpeg.rf.ef7b83bf079670f7ffec2ba3b2dfd430.jpg,12,0.011590054258704185,0.056066859513521194,0.470404714345932,12,0.0131689453125,0.057133789062499996,Sedang
acne-314_jpeg.rf.5c9e21128c365b6892211ab9be3e0626.jpg,6,0.004753580316901207,0.022594062611460686,0.4729808270931244,5,0.0065087890625,0.0251568603515625,Ringan
acne-314_jpeg.rf.e15998758f9ee99e20780a0ebbfc64f2.jpg,6,0.00520383520051837,0.023525824770331383,0.4719778597354889,5,0.0065087890625,0.02509765625,Ringan
acne-314_jpeg.rf.ed74ef46b15ca68c0888494ecc36802f.jpg,6,0.0049390182830393314,0.022870821878314018,0.48723891377449036,5,0.0065087890625,0.02509765625,Ringan
acne-316_jpeg.rf.4d78682dca505e9a307dc9afee2c2a98.jpg,30,0.06772696226835251,0.4932073950767517,0.5706232786178589,25,0.079932861328125,0.44847961425781246,Parah
acne-316_jpeg.rf.7269093f7038311d0134f6b370525859.jpg,31,0.052323028445243835,0.5134524703025818,0.5221405625343323,25,0.0802001953125,0.44950683593749996,Parah
acne-316_jpeg.rf.d4e1b012f4a1d6b9e607a8ff4a5a0da9.jpg,33,0.0661080852150917,0.5100935101509094,0.5376927256584167,25,0.0802001953125,0.4493505859375,Parah
acne-317_jpeg.rf.46ed7951f87afb2e53a0f78fa5f783a4.jpg,3,0.015181873925030231,0.021262936294078827,0.3959123194217682,0,0.0,0.0,Bebas Jerawat
acne-317_jpeg.rf.67150dd365e3698fce482a944e674fde.jpg,4,0.01709042862057686,0.030440082773566246,0.4221086800098419,0,0.0,0.0,Bebas Jerawat
acne-317_jpeg.rf.7b7d3ede64a00397babad2c3fa9f8470.jpg,3,0.015393722802400589,0.021813983097672462,0.3886852264404297,0,0.0,0.0,Bebas Jerawat
acne-318_jpeg.rf.14b5537b3bf111c0a0ca9de9ccb85932.jpg,18,0.011904466897249222,0.11888903379440308,0.46246084570884705,13,0.017900390625000002,0.130703125,Parah
acne-318_jpeg.rf.3019f1975e0d3ec5ebefef7472185f3b.jpg,18,0.017257019877433777,0.14413237571716309,0.438432514667511,13,0.017900390625000002,0.130703125,Parah
acne-318_jpeg.rf.cd2f729339f69140f92978c19e0664b0.jpg,14,0.01263303030282259,0.1026303842663765,0.4189162254333496,13,0.0178802490234375,0.13090698242187498,Parah
acne-321_jpeg.rf.74d6fa49eae2e7b016116113c68ba39f.jpg,8,0.0060282861813902855,0.031913090497255325,0.3754200339317322,8,0.00777587890625,0.0464794921875,Sedang
acne-321_jpeg.rf.8b746dd8e9fed6bdb3c9be0101076b71.jpg,10,0.007045748643577099,0.04076503589749336,0.4386977553367615,8,0.00777587890625,0.046293334960937495,Sedang
acne-321_jpeg.rf.e6bcc4a787ddac7730b017f3822ed082.jpg,5,0.0056687467731535435,0.020277557894587517,0.42140111327171326,8,0.00777587890625,0.0464794921875,Sedang
acne-323_jpeg.rf.6662d6674b7883fb77d247bb5fc7d2bf.jpg,20,0.005143763963133097,0.06215095892548561,0.47608837485313416,12,0.0076507568359375005,0.0476165771484375,Sedang
acne-323_jpeg.rf.c995a17e495945f640bc73d48b115fde.jpg,21,0.005439230240881443,0.06653518974781036,0.46576935052871704,12,0.007646484375,0.047646484375,Sedang
acne-323_jpeg.rf.d32d7666e02adc1e58a966e9e22f1659.jpg,20,0.005358746740967035,0.0639735534787178,0.48705583810806274,12,0.007646484375,0.047646484375,Sedang
acne-326_jpeg.rf.8d2d5e7518b1299974190173d0bcc106.jpg,33,0.006443285383284092,0.0978248193860054,0.45066243410110474,16,0.006806640624999999,0.050847167968749996,Sedang
acne-326_jpeg.rf.a38294ebe371460887bf7faa766c446f.jpg,34,0.008374675177037716,0.10650500655174255,0.4015245735645294,16,0.006756591796874999,0.05049072265625,Sedang
acne-326_jpeg.rf.c66317ba3381c7eff5d1ea711859a3ba.jpg,30,0.006849376950412989,0.09417152404785156,0.43382155895233154,16,0.006806640624999999,0.05075439453125,Sedang
acne-327_jpeg.rf.19f5bff4fbba329b66f6d16ac0b427ef.jpg,41,0.017775656655430794,0.20512014627456665,0.43023380637168884,38,0.01126708984375,0.21041748046875003,Parah
acne-327_jpeg.rf.1eab7e229c29431fef5a7a19b545a91a.jpg,41,0.021062076091766357,0.21649573743343353,0.44715815782546997,38,0.01126708984375,0.2105029296875,Parah
acne-327_jpeg.rf.6a337ae979a131b4e8c2c22f086bf878.jpg,48,0.010360163636505604,0.2016676962375641,0.5022452473640442,38,0.01126708984375,0.21053955078125003,Parah
acne-330_jpeg.rf.4a9e71f79f3ac432d8f35fd5e4612a2b.jpg,18,0.016743304207921028,0.06738916039466858,0.3871552348136902,7,0.0186279296875,0.0418115234375,Sedang
acne-330_jpeg.rf.8b1c55b99af06bebdd71a096203d4b2c.jpg,9,0.019982488825917244,0.06215479224920273,0.3632712662220001,7,0.0186279296875,0.0418994140625,Sedang
acne-330_jpeg.rf.9e41e6f1e75e668a32459fed05b62a84.jpg,12,0.019394464790821075,0.06393793970346451,0.3430195748806,7,0.0186279296875,0.0418994140625,Sedang
acne-331_jpeg.rf.4f4b52de1ea6ef286b238e4c072dab59.jpg,14,0.006526893936097622,0.04923905059695244,0.39468732476234436,13,0.011210937499999999,0.05095947265625,Sedang
acne-331_jpeg.rf.83ec17dbb2505cc0b8a73dc469e6d85b.jpg,13,0.007502601016312838,0.043703507632017136,0.42682597041130066,13,0.011210937499999999,0.05063720703125,Sedang
acne-331_jpeg.rf.c5f8a3c6a50ee512374cad7ce38c9019.jpg,18,0.005080478731542826,0.05902824550867081,0.39620447158813477,13,0.011210937499999999,0.05084228515624999,Sedang
acne-332_jpeg.rf.22c3007e8a110a4236fd307abb3b03ce.jpg,6,0.005202705971896648,0.023260323330760002,0.5273601412773132,7,0.0067840576171874995,0.028836669921875002,Ringan
acne-332_jpeg.rf.8d6f2cb10ab18da14224de1817cf989a.jpg,7,0.005017378367483616,0.026783786714076996,0.49312281608581543,7,0.006796875,0.028928222656250002,Ringan
acne-332_jpeg.rf.c818cc35005248abbf274b3469129aed.jpg,7,0.004867788404226303,0.02614782378077507,0.323115736246109,7,0.006796875,0.028928222656250002,Ringan
acne-333_jpeg.rf.807cb4d0e4a9d0aa7400da03dc66c401.jpg,8,0.015325738117098808,0.0572306253015995,0.3107982873916626,11,0.013671875,0.07082519531249999,Sedang
acne-333_jpeg.rf.a6979bf8ff1a21dffd23ebe656977bf8.jpg,15,0.01102539338171482,0.08661182224750519,0.3849591314792633,11,0.013489379882812501,0.07073791503906249,Sedang
acne-333_jpeg.rf.cf08829a4c2cafda406bea5993dfaf05.jpg,3,0.00825044047087431,0.019136609509587288,0.38127315044403076,11,0.013671875,0.07082519531249999,Sedang
acne-334_jpeg.rf.3ccb3cffd5806a38c4700d8f27cca524.jpg,32,0.012545746751129627,0.1555221676826477,0.4232346713542938,14,0.013750000000000002,0.10416992187499999,Parah
acne-334_jpeg.rf.704a6e2a57ec614231bd2683225afd07.jpg,20,0.01441794540733099,0.10287220776081085,0.4276188313961029,14,0.013828125,0.10394836425781251,Parah
acne-334_jpeg.rf.b432e959fcbd94bc4567a10a4aa9e780.jpg,25,0.011339186690747738,0.12325381487607956,0.4351620078086853,14,0.013750000000000002,0.10430175781249998,Parah
acne-336_jpeg.rf.51e16db2ee65d5b1300fd9db14e2ff1c.jpg,32,0.010322906076908112,0.12047021090984344,0.40025630593299866,21,0.0122021484375,0.08888916015625001,Sedang
acne-336_jpeg.rf.cc2e7b94610e566c652bc75229846c70.jpg,33,0.008502156473696232,0.11701853573322296,0.40676453709602356,21,0.0122021484375,0.08888916015625001,Sedang
acne-336_jpeg.rf.d7614515f7b36a7257add178b373e812.jpg,32,0.010322906076908112,0.12047021090984344,0.40025630593299866,21,0.0122021484375,0.0888995361328125,Sedang
acne-339_jpeg.rf.89ead30b27764c9ff8f8b9c8fbd6d0d7.jpg,10,0.005777610465884209,0.04197502136230469,0.4604138731956482,5,0.00806640625,0.029543457031249998,Ringan
acne-339_jpeg.rf.9da291f1d86c509cbf8aa00a3a6a0ea0.jpg,11,0.00546221574768424,0.04700774699449539,0.462526798248291,5,0.00806640625,0.029543457031249998,Ringan
acne-339_jpeg.rf.f36c32fba882a107b011b2c46bf12eef.jpg,8,0.008049389347434044,0.03896227478981018,0.4179039001464844,5,0.008138427734375,0.029425048828124998,Ringan
acne-340_jpeg.rf.af9ce04eaa77297fe319b3cde9050f77.jpg,31,0.006516609340906143,0.09319885075092316,0.44047239422798157,22,0.0054687500000000005,0.06623046875,Sedang
acne-340_jpeg.rf.c2980243aa844e28b4cc19b02b723df9.jpg,34,0.010161268524825573,0.11187778413295746,0.4237634837627411,22,0.0054687500000000005,0.06623046875,Sedang
acne-340_jpeg.rf.d4372441a50c0e449cf86fa871611b33.jpg,32,0.009742866270244122,0.10970599204301834,0.42183274030685425,22,0.0054687500000000005,0.06609191894531251,Sedang
acne-341_jpeg.rf.1210ec15ceba29fde6938260be20388a.jpg,10,0.008810333907604218,0.047613296657800674,0.3619464933872223,9,0.008228759765625,0.048076171875,Sedang
acne-341_jpeg.rf.4cb410fa46618338d9e935597ba6ad44.jpg,15,0.011087076738476753,0.07173600792884827,0.3655312657356262,9,0.0083056640625,0.04833984375,Sedang
acne-341_jpeg.rf.78cdff7ab2de2e37502eb5b412ebec9d.jpg,17,0.009742229245603085,0.07248612493276596,0.39368936419487,9,0.0083056640625,0.04833984375,Sedang
acne-342_jpeg.rf.19517a7364089a0dc5d54bac00d9aba3.jpg,6,0.007090638857334852,0.021390734240412712,0.42619338631629944,2,0.00794921875,0.0114306640625,Ringan
acne-342_jpeg.rf.43983d45ed089d5aa6259bd8a75c8843.jpg,8,0.007260333746671677,0.02974374033510685,0.4144984781742096,2,0.00794921875,0.0114306640625,Ringan
acne-342_jpeg.rf.5249295520380096454ecc28c2fbab82.jpg,6,0.0066228522919118404,0.02301120199263096,0.4701339304447174,2,0.0078955078125,0.011376953125,Ringan
acne-343_jpeg.rf.897705a3f7a11ef2e9cd8c29759c4ef9.jpg,10,0.004789051134139299,0.03421454504132271,0.36392003297805786,8,0.0118408203125,0.055576171875000004,Sedang
acne-343_jpeg.rf.b5da5bc6a8466e5838fbf838a63bb924.jpg,17,0.011102455668151379,0.07833981513977051,0.40184012055397034,8,0.011722412109375,0.0553509521484375,Sedang
acne-343_jpeg.rf.c85522764d47047f7affd2a3b0af4232.jpg,9,0.009910276159644127,0.04332100227475166,0.37337177991867065,8,0.0118408203125,0.05576171875,Sedang
acne-344_jpeg.rf.580e6a0e454cf49479d15b0ae2e3db00.jpg,9,0.003730828408151865,0.022876255214214325,0.3714343309402466,6,0.005800781250000001,0.021435546875000003,Ringan
acne-344_jpeg.rf.b2452461f2e18c63e0f8ece22f7b3756.jpg,13,0.005349789746105671,0.03570827841758728,0.4000980257987976,6,0.005800781250000001,0.021461181640625,Ringan
acne-345_jpeg.rf.002b6d9c99b9d10198b110273259bb49.jpg,28,0.011624680832028389,0.151037335395813,0.43818774819374084,24,0.008525390625,0.11632812500000003,Parah
acne-345_jpeg.rf.22014dcf795bae3cc2c179a784d8d03f.jpg,28,0.01187368854880333,0.14615005254745483,0.444816917181015,24,0.008508300781249999,0.116427001953125,Parah
acne-345_jpeg.rf.f59e715bacab2b4767e16e45c013017b.jpg,25,0.012263174168765545,0.14121322333812714,0.45294302701950073,24,0.008525390625,0.11646240234375003,Parah
acne-346_jpeg.rf.7f6664cf705339001d9b41d67ba7c719.jpg,13,0.013849287293851376,0.0822821781039238,0.4134407639503479,9,0.0119140625,0.0681787109375,Sedang
acne-346_jpeg.rf.c0c737144ba0f304ed14761968343e9f.jpg,8,0.012554582208395004,0.054831672459840775,0.42499420046806335,9,0.011839599609375,0.06775451660156251,Sedang
acne-346_jpeg.rf.cbaa650f00e504b096a8473f93c6468e.jpg,9,0.01112211961299181,0.05444785952568054,0.44032055139541626,9,0.0119140625,0.0681787109375,Sedang
acne-34_jpeg.rf.02b170dadf4cc50c7baf382e583e0a1c.jpg,4,0.003583388403058052,0.01030460000038147,0.4046519994735718,4,0.00408203125,0.007475585937499999,Ringan
acne-34_jpeg.rf.d085cdfb42ef1e9e0d0ca356ae1346da.jpg,4,0.0036573365796357393,0.010417474433779716,0.4329454302787781,4,0.00408203125,0.007475585937499999,Ringan
acne-34_jpeg.rf.f9243484168f8c7fa6ecb6b210f268e9.jpg,6,0.0054584466852247715,0.017245905473828316,0.47361207008361816,4,0.0039892578125,0.0074133300781250005,Ringan
acne-353_jpeg.rf.625e559765bb0d76851d3f9e43bfa1d4.jpg,20,0.01184998732060194,0.12737172842025757,0.4515906274318695,15,0.013970947265625,0.112042236328125,Parah
acne-353_jpeg.rf.943e3a0e966f544a1f134bf29987a8af.jpg,21,0.011600153520703316,0.13586007058620453,0.44525840878486633,15,0.0138427734375,0.11180419921875,Parah
acne-353_jpeg.rf.edc35d597e58e570a2e3d663f4fab978.jpg,21,0.012575255706906319,0.13428759574890137,0.42452847957611084,15,0.0138427734375,0.11180419921875,Parah
acne-354_jpeg.rf.291540ec681427f8fe6ba4297d2908cc.jpg,9,0.004678008146584034,0.02753976546227932,0.4393596649169922,7,0.0057373046875,0.024768066406249997,Ringan
acne-354_jpeg.rf.731f027a45c6991d93d449116b814235.jpg,11,0.0045232935808598995,0.029736123979091644,0.45016899704933167,7,0.0057373046875,0.024768066406249997,Ringan
acne-354_jpeg.rf.d19c094c725f0a1facba4f773d312cb2.jpg,11,0.004707551095634699,0.03142710030078888,0.4550006091594696,7,0.005794677734375,0.024761962890625,Ringan
acne-356_jpeg.rf.5e4c20d1a3d6be4e876cc7e815fe2602.jpg,10,0.005525247659534216,0.032429102808237076,0.4377990663051605,7,0.0078125,0.0347491455078125,Sedang
acne-356_jpeg.rf.c5a00c8f947192ac42359b2f4a3f9a77.jpg,10,0.007174444850534201,0.03691429644823074,0.46299394965171814,7,0.0078125,0.034670410156250005,Sedang
acne-356_jpeg.rf.fa2076a41a23a162052ab9224e5a9ebd.jpg,8,0.007664782926440239,0.03422151133418083,0.5094946622848511,7,0.0078125,0.034670410156250005,Sedang
acne-357_jpeg.rf.2adf3a34d410d5882fbf70ca84b0e7d9.jpg,8,0.006672671064734459,0.03592047095298767,0.46593236923217773,5,0.015615234374999998,0.032192382812499996,Sedang
acne-357_jpeg.rf.b3f4ff3704e5b2094016b11414bc810c.jpg,9,0.007991976104676723,0.045715343207120895,0.4259073734283447,5,0.01551513671875,0.0323773193359375,Sedang
acne-357_jpeg.rf.d1d86e145a090a3f4d28ea3ac43b9c7d.jpg,10,0.007088707759976387,0.042879458516836166,0.4352138936519623,5,0.015615234374999998,0.032192382812499996,Sedang
acne-360_jpeg.rf.27ace4684843a0688aaecc8f6ca6a610.jpg,8,0.004011006560176611,0.021311072632670403,0.4048588275909424,12,0.007656250000000001,0.0528857421875,Sedang
acne-360_jpeg.rf.97c5aeaafafd3e572e30a626610d740e.jpg,8,0.004011006560176611,0.021311072632670403,0.4048588275909424,12,0.007716064453125001,0.0530743408203125,Sedang
acne-361_jpeg.rf.1cade253a8aa63ca4fecbd580be1319f.jpg,25,0.021021878346800804,0.18094223737716675,0.3995096683502197,15,0.011440429687499998,0.11282958984375001,Parah
acne-361_jpeg.rf.aaa6535bc46e0c26197cfe4c51677388.jpg,14,0.007798011414706707,0.07310044020414352,0.4180179238319397,15,0.011353759765624999,0.11272827148437499,Parah
acne-361_jpeg.rf.cd9b17ea87f1fe36e9645dcfa026ae14.jpg,23,0.010097711347043514,0.12860579788684845,0.40167003870010376,15,0.011440429687499998,0.11278808593750002,Parah
acne-364_jpeg.rf.a341450b7e3d3acd62aedb85a1848dab.jpg,10,0.004023635294288397,0.028964471071958542,0.35717278718948364,4,0.004482421875,0.013574218749999999,Ringan
acne-364_jpeg.rf.b7333e26e44e3ddcdd88e9ecc59978a0.jpg,10,0.0044074393808841705,0.03003356046974659,0.3863130211830139,4,0.0045062255859375,0.013600463867187499,Ringan
acne-364_jpeg.rf.c2863356b7847488b64a67e07eaf3454.jpg,6,0.004356768913567066,0.015834078192710876,0.38843461871147156,4,0.004482421875,0.013574218749999999,Ringan
acne-365_jpeg.rf.10ae61ddb2eeac85cf9d66f68a66d18b.jpg,15,0.005976378917694092,0.05812478065490723,0.4792526364326477,11,0.009667968749999999,0.058637695312499995,Sedang
acne-365_jpeg.rf.188e94b58976329aac72248d90241590.jpg,18,0.00864419061690569,0.07702000439167023,0.4628654718399048,11,0.009667968749999999,0.058637695312499995,Sedang
acne-365_jpeg.rf.2427915dd60077bf47867e7c15da8fd2.jpg,18,0.0056114476174116135,0.0621892511844635,0.47003173828125,11,0.0098223876953125,0.0590020751953125,Sedang
acne-366_jpeg.rf.21d4e73c4485e67d84fe19d9ea9a8470.jpg,7,0.008355927653610706,0.02880975976586342,0.45343485474586487,7,0.0094873046875,0.0316455078125,Sedang
acne-366_jpeg.rf.2ef4dd175cc9cfb53d83d11aa1a0c0f8.jpg,7,0.008323321118950844,0.028675641864538193,0.4401791989803314,7,0.0094873046875,0.0316455078125,Sedang
acne-366_jpeg.rf.d1a229459b6517204bb697e05b485f0c.jpg,7,0.008667340502142906,0.029614808037877083,0.46174073219299316,7,0.009405517578125,0.0313116455078125,Sedang
acne-367_jpeg.rf.0256023f81edf9a88db31978ece3be48.jpg,23,0.003548201872035861,0.052177634090185165,0.42923134565353394,7,0.0059375,0.021054687500000002,Ringan
acne-367_jpeg.rf.4f0b1a39330651e6d704ae0dbde2216a.jpg,23,0.0033207128290086985,0.048628803342580795,0.4286179840564728,7,0.0058447265624999994,0.020885620117187503,Ringan
acne-367_jpeg.rf.7b7f404f68052dd966b7596480bcc2a3.jpg,25,0.007417760323733091,0.07179908454418182,0.405813068151474,7,0.0059375,0.021054687500000002,Ringan
acne-368_jpeg.rf.0375c66d41b108dfaf27d36b7df29e06.jpg,8,0.024100296199321747,0.04492277279496193,0.5171707272529602,5,0.004570312500000001,0.0187255859375,Ringan
acne-368_jpeg.rf.4da0925effde916e57f433c8ceb39301.jpg,9,0.003886148566380143,0.024693705141544342,0.47924572229385376,5,0.004570312500000001,0.0187255859375,Ringan
acne-368_jpeg.rf.9b2d89d85c9c49bbaf1a3e6bdca6ae32.jpg,6,0.003032287349924445,0.015294547192752361,0.5566462874412537,5,0.0045501708984375,0.0186810302734375,Ringan
acne-369_jpeg.rf.86b958fd5657d652169f3714ad97e608.jpg,40,0.012310768477618694,0.17463375627994537,0.40951842069625854,20,0.0186181640625,0.134228515625,Parah
acne-369_jpeg.rf.9d16afa9ca997abc262d4fc53453d333.jpg,42,0.012803729623556137,0.18057729303836823,0.42698192596435547,20,0.0186181640625,0.13419189453125002,Parah
acne-369_jpeg.rf.c2ff2e67d05d05952f4a40350f6ad3d0.jpg,41,0.017681516706943512,0.19611281156539917,0.43747395277023315,20,0.0186181640625,0.13396484375,Parah
acne-36_jpeg.rf.4efdf2eaba4f4948913d0c7fc3884020.jpg,6,0.009135364554822445,0.029258251190185547,0.5014542937278748,8,0.0094512939453125,0.0262982177734375,Ringan
acne-36_jpeg.rf.51cfb97155eea90115dbdb6dce03f79e.jpg,7,0.009888864122331142,0.03710278496146202,0.4688204824924469,8,0.009609374999999998,0.02660400390625,Ringan
acne-36_jpeg.rf.e6b1128ff2ada48b5247b7b83ce997e0.jpg,6,0.009167024865746498,0.02859175205230713,0.5150834918022156,8,0.009609374999999998,0.02660400390625,Ringan
acne-371_jpeg.rf.363bbc85d736aae294e6a79d7cd55ab4.jpg,4,0.007588024716824293,0.020697467029094696,0.3536900281906128,0,0.0,0.0,Bebas Jerawat
acne-371_jpeg.rf.aa86106fe5f4e3d64215502ad691ca30.jpg,3,0.007392627652734518,0.014924435876309872,0.37218984961509705,0,0.0,0.0,Bebas Jerawat
acne-371_jpeg.rf.c0c4d138c3773c1b5a6851993d716e86.jpg,4,0.005421728361397982,0.015134166926145554,0.39874595403671265,0,0.0,0.0,Bebas Jerawat
acne-372_jpeg.rf.26906e49c0b19ece96085c3c8afc6bea.jpg,9,0.004970015957951546,0.03143196180462837,0.40792810916900635,5,0.0043603515625,0.017099609375,Ringan
acne-372_jpeg.rf.8b720e3b82782272e18eab66f6dc2d32.jpg,7,0.004113008733838797,0.02355719543993473,0.4485314190387726,5,0.0043603515625,0.017099609375,Ringan
acne-372_jpeg.rf.f214dd2d34d52a467b0b217061c7aba4.jpg,12,0.0059057618491351604,0.04068513959646225,0.4075597822666168,5,0.0043603515625,0.0170166015625,Ringan
acne-374_jpeg.rf.56ed2601d7139e2d658aa201bde21116.jpg,18,0.005353480111807585,0.06242208182811737,0.44569671154022217,11,0.00908203125,0.05081298828124999,Sedang
acne-374_jpeg.rf.8546e29127212242b6e5e7650390bd1e.jpg,17,0.004958771169185638,0.05101970583200455,0.46672120690345764,11,0.0091552734375,0.0507208251953125,Sedang
acne-374_jpeg.rf.9a7d17e0551efd45d5c0c0307d8e398f.jpg,11,0.0036898190155625343,0.02577218785881996,0.4135536253452301,11,0.00908203125,0.05081298828124999,Sedang
acne-375_jpeg.rf.77366ff6701d154088facaea479be255.jpg,16,0.009076577611267567,0.05991500988602638,0.43604928255081177,8,0.0109375,0.0362841796875,Sedang
acne-375_jpeg.rf.9a09a23ae1d8e9426e9379e4d9ed1766.jpg,12,0.010125666856765747,0.042395416647195816,0.48022499680519104,8,0.011005859375,0.036375122070312495,Sedang
acne-375_jpeg.rf.c54ccc9b0eb4117e004983c0698b3b03.jpg,10,0.010241269133985043,0.03766537830233574,0.49301427602767944,8,0.0109375,0.0362841796875,Sedang
acne-376_jpeg.rf.7dbf19a32e30877ef3748eb9a80f6cfd.jpg,18,0.00986323319375515,0.07283029705286026,0.4416569769382477,18,0.027963867187500005,0.11429443359375002,Parah
acne-376_jpeg.rf.8f41eb02e99d94c7e498a1cd0bdbd44c.jpg,18,0.010351154021918774,0.06949379295110703,0.4256800413131714,18,0.027963867187500005,0.11429443359375002,Parah
acne-376_jpeg.rf.b9142ebd06a87987fde4b24845324332.jpg,18,0.010421850718557835,0.07719851285219193,0.4332936704158783,18,0.027879638671875002,0.1141632080078125,Parah
acne-377_jpeg.rf.09c3859ff50d3f864f8eed5ce8fff6b8.jpg,16,0.003024923149496317,0.0338776595890522,0.5031464099884033,13,0.0058563232421875,0.0362457275390625,Sedang
acne-377_jpeg.rf.aa0d6fc1d052d267086e063af8d7440b.jpg,18,0.003550739958882332,0.04200669378042221,0.43785980343818665,13,0.005859375,0.036367187499999995,Sedang
acne-377_jpeg.rf.e2fbe6bd44370d9c27efb5f0c4fe6d43.jpg,15,0.0050937701016664505,0.0358179546892643,0.45753389596939087,13,0.005859375,0.036367187499999995,Sedang
acne-378_jpeg.rf.2ced61875bc16008549fa48ac957ba18.jpg,3,0.0033756301272660494,0.008459671400487423,0.2935850918292999,2,0.0073437500000000005,0.01455078125,Ringan
acne-378_jpeg.rf.779acc985a7b82aef9e0d51d158bd4b9.jpg,1,0.0016616472275927663,0.0016616472275927663,0.2563092112541199,2,0.00745849609375,0.0145281982421875,Ringan
acne-378_jpeg.rf.d98df002d2683a7c5cc5bb6a1fad32ec.jpg,1,0.0020670529920607805,0.0020670529920607805,0.2898952066898346,2,0.0073437500000000005,0.01455078125,Ringan
acne-379_jpeg.rf.15ab7bab8764a1deb304f2b054d207df.jpg,21,0.006013740785419941,0.07378020137548447,0.4618513584136963,16,0.007412109374999999,0.07743408203124999,Sedang
acne-379_jpeg.rf.5eb351535b33612163f5c3adff327af8.jpg,19,0.006144109182059765,0.06783175468444824,0.4779474437236786,16,0.007412109374999999,0.07743408203124999,Sedang
acne-379_jpeg.rf.c2e327c9b280b90da81f13c757f6a8f5.jpg,19,0.006099839694797993,0.07384372502565384,0.4078141748905182,16,0.00749267578125,0.0776983642578125,Sedang
acne-381_jpeg.rf.1aaeb5f712aa2284561ed8faae0b8bf4.jpg,23,0.010565686039626598,0.11672106385231018,0.4029847979545593,17,0.017968750000000002,0.13840576171875002,Parah
acne-381_jpeg.rf.ddafcb075cc9e3972b3f8d58535cca4b.jpg,30,0.014804675243794918,0.2123369574546814,0.3877597451210022,17,0.017968750000000002,0.13840576171875002,Parah
acne-381_jpeg.rf.f0bca72fdfd13c94a3940faf9e406fbf.jpg,13,0.01590990275144577,0.0835309699177742,0.3739764094352722,17,0.017968750000000002,0.1381182861328125,Parah
acne-382_jpeg.rf.985f679f84865a9fb015f6a23afc0184.jpg,9,0.003775496268644929,0.022623252123594284,0.4992268979549408,8,0.0056396484375,0.031010742187500002,Sedang
acne-382_jpeg.rf.aa3f9daabdc54d8e1aac724ac544591e.jpg,8,0.0036786722484976053,0.021321790292859077,0.5183788537979126,8,0.005572509765625001,0.0309716796875,Sedang
acne-382_jpeg.rf.db55dbac46a156f1390e1bdd893ba56f.jpg,13,0.003962317947298288,0.032871346920728683,0.42838042974472046,8,0.0056396484375,0.031010742187500002,Sedang
acne-383_jpeg.rf.2fc9945d27a400e8b16b39f3a3abbb4f.jpg,13,0.006836047396063805,0.05203580856323242,0.467648983001709,10,0.008036499023437501,0.0394775390625,Sedang
acne-383_jpeg.rf.315b9bc6b3197a159656043ddfbee731.jpg,12,0.003997315652668476,0.03600092604756355,0.4429074227809906,10,0.007978515625,0.0394482421875,Sedang
acne-383_jpeg.rf.5b5a6967d91a126d7adb9a60119c7588.jpg,7,0.004108932334929705,0.020683256909251213,0.5262047052383423,10,0.007978515625,0.0394482421875,Sedang
acne-384_jpeg.rf.99fb93bf0634aca34cad28d7c21398c1.jpg,9,0.008192299865186214,0.031105248257517815,0.42587050795555115,8,0.0072180175781249994,0.0299072265625,Ringan
acne-384_jpeg.rf.9df376fbf19e3858685ee339291b6138.jpg,12,0.008106345310807228,0.03755604103207588,0.39266347885131836,8,0.00712890625,0.029858398437500003,Ringan
acne-384_jpeg.rf.ec3231c38efb89c5d97f2acbd9cbcbc5.jpg,8,0.008280973881483078,0.028650375083088875,0.4740248918533325,8,0.00712890625,0.029858398437500003,Ringan
acne-385_jpeg.rf.194b8fc89123b19866804286f91caff9.jpg,39,0.004656321369111538,0.10443810373544693,0.47427666187286377,26,0.005537109375000001,0.07763916015625003,Sedang
acne-385_jpeg.rf.d5d01a898e065e15b4cd58ba3bcb2ef0.jpg,37,0.004347267560660839,0.09070199728012085,0.4580957591533661,26,0.005537109375000001,0.07787109375000001,Sedang
acne-385_jpeg.rf.e1a34318a73237f196396303f2a49d59.jpg,39,0.004500533454120159,0.1025843620300293,0.4564656913280487,26,0.005471191406250001,0.07768249511718751,Sedang
acne-386_jpeg.rf.391340962432958139ed9931c55dbe75.jpg,11,0.006991312373429537,0.03482448682188988,0.47680580615997314,5,0.0059033203125,0.0181396484375,Ringan
acne-386_jpeg.rf.82c66c8594d3390a39652de3fa53d6ea.jpg,8,0.006717427168041468,0.027489228174090385,0.5331557989120483,5,0.0059033203125,0.0181396484375,Ringan
acne-386_jpeg.rf.91769001c38658738afb1f0867bfd4e6.jpg,9,0.003979282453656197,0.02516285888850689,0.5233230590820312,5,0.0059033203125,0.018209228515625002,Ringan
acne-387_jpeg.rf.6d4869774d927eefd56a755e0963e417.jpg,23,0.004239991772919893,0.05262326821684837,0.42959466576576233,14,0.010283203125000001,0.05174072265625,Sedang
acne-387_jpeg.rf.c0a3072b5a1f185562e803f4c5da9e1b.jpg,21,0.005715921055525541,0.0547238364815712,0.44409698247909546,14,0.0101226806640625,0.0516070556640625,Sedang
acne-387_jpeg.rf.ef8e3aa81ad00bf7693e4f54276afe01.jpg,21,0.005715921055525541,0.0547238364815712,0.44409698247909546,14,0.010283203125000001,0.05174072265625,Sedang
acne-388_jpeg.rf.00a70fe529d06c6ea14df96abd46ed6d.jpg,6,0.003384866053238511,0.016305534169077873,0.4794447124004364,4,0.0080712890625,0.0218048095703125,Ringan
acne-388_jpeg.rf.5ba4c31a95781b26c1a48dc7e5982ef5.jpg,6,0.003384866053238511,0.016305534169077873,0.4794447124004364,4,0.0080712890625,0.0219140625,Ringan
acne-388_jpeg.rf.b0b73e88c7e3f7ac1459b0fc341d05b1.jpg,11,0.008328779600560665,0.040700387209653854,0.45851820707321167,4,0.0080712890625,0.0219140625,Ringan
acne-390_jpeg.rf.3ba3ce0a3b71be501538e232e95d11a1.jpg,13,0.0069403983652591705,0.039178404957056046,0.4502471387386322,6,0.0072802734375,0.023271484375000002,Ringan
acne-390_jpeg.rf.e10fc9bdc6c44c3fd81c97839dec6e6e.jpg,11,0.004731062799692154,0.029706889763474464,0.5201807618141174,6,0.0072802734375,0.023271484375000002,Ringan
acne-390_jpeg.rf.f87f3bff712355e1c36e45f4eeec197a.jpg,13,0.00447044987231493,0.03345530480146408,0.48027369379997253,6,0.007366943359374999,0.023648681640624995,Ringan
acne-391_jpeg.rf.0574e9486dfd815a8721c013009643c4.jpg,13,0.008254709653556347,0.0490221232175827,0.3407840132713318,13,0.005195312499999999,0.04383056640625001,Sedang
acne-391_jpeg.rf.73e446195045724a71326dbc90e5af2e.jpg,17,0.00798571202903986,0.06145872548222542,0.31300678849220276,13,0.005195312499999999,0.04383056640625001,Sedang
acne-391_jpeg.rf.ccb0dda0db38d2c500f431d03c026535.jpg,13,0.007187440991401672,0.046407103538513184,0.3121452331542969,13,0.0053106689453125,0.043818359375,Sedang
acne-392_jpeg.rf.0f1a6008b1cd953c23c148dc76e301b9.jpg,9,0.006189389154314995,0.03457515314221382,0.44737333059310913,7,0.00631103515625,0.028658447265624998,Ringan
acne-392_jpeg.rf.62dc248594532563b138685db37457e3.jpg,11,0.005808754358440638,0.03968925029039383,0.4243224859237671,7,0.00631103515625,0.028554687500000002,Ringan
acne-392_jpeg.rf.8b104cd68b0713735fc8cc2920f3c171.jpg,13,0.005931711755692959,0.047461122274398804,0.4128449857234955,7,0.00631103515625,0.028554687500000002,Ringan
acne-393_jpeg.rf.6e6398a10d41e29b78b290318af07fc3.jpg,37,0.013067846186459064,0.15489324927330017,0.41445261240005493,21,0.01359375,0.11255615234375001,Parah
acne-393_jpeg.rf.aa0cd382b0657a0da99569093d75a81b.jpg,23,0.014677206054329872,0.10288079082965851,0.39813175797462463,21,0.013476562499999999,0.11249572753906249,Parah
acne-393_jpeg.rf.e22909f613d8c62bae6d1a9330ef4e95.jpg,23,0.009896568953990936,0.08662065863609314,0.4097983241081238,21,0.01359375,0.11255615234375001,Parah
acne-394_jpeg.rf.6f9376793548ea02948af09cbccd5bd9.jpg,3,0.017876405268907547,0.03376101329922676,0.40217670798301697,14,0.022265625,0.11893798828125003,Parah
acne-394_jpeg.rf.7977adb991f0f71c6a70d27d84c70acd.jpg,1,0.018500518053770065,0.018500518053770065,0.6690842509269714,14,0.022149658203125002,0.11873229980468751,Parah
acne-394_jpeg.rf.ff80d118ac89d5c1a63726e73abd80ab.jpg,6,0.021467506885528564,0.04766920953989029,0.4533464014530182,14,0.022265625,0.11906494140625003,Parah
acne-395_jpeg.rf.8e488b38e5e5576a3ea1f0302d47da3a.jpg,18,0.004552572965621948,0.044473107904195786,0.4410119354724884,13,0.005195312499999999,0.0372119140625,Sedang
acne-395_jpeg.rf.a49c2366bd09e30b12904dfd64ba25a0.jpg,15,0.0044128564186394215,0.032303620129823685,0.49500197172164917,13,0.005195312499999999,0.0372119140625,Sedang
acne-395_jpeg.rf.c84eced7d0c4f1ef1da0ae42af49a29b.jpg,19,0.004094649106264114,0.039986502379179,0.46893683075904846,13,0.00514892578125,0.03696411132812499,Sedang
acne-397_jpeg.rf.135d00f347de4a3dc53439a1b743cab0.jpg,12,0.005238709505647421,0.030359551310539246,0.393916517496109,4,0.0032214355468749996,0.010045166015625,Ringan
acne-397_jpeg.rf.2cd37a7d64d4ed004840a13cf5dcd3ae.jpg,16,0.008882819674909115,0.04929405078291893,0.459310919046402,4,0.0032568359374999995,0.010009765625,Ringan
acne-397_jpeg.rf.d234e389ecadbff5554b4b8aa6ebe768.jpg,17,0.006640783045440912,0.04533158242702484,0.4177943170070648,4,0.0032568359374999995,0.010009765625,Ringan
acne-398_jpeg.rf.505688f4b1f661eb1abef3ff962bc016.jpg,9,0.006735977716743946,0.030982332304120064,0.408694326877594,6,0.0032470703124999997,0.01590576171875,Ringan
acne-398_jpeg.rf.643fe2e633c0c27d4ef47df2d3e35167.jpg,9,0.0067871795035898685,0.02992791123688221,0.4168301820755005,6,0.0032470703124999997,0.01590576171875,Ringan
acne-398_jpeg.rf.808d1696055919e2d6214cbc66da18e3.jpg,5,0.0033602016046643257,0.012697573751211166,0.4726819097995758,6,0.0032470703124999997,0.015734252929687498,Ringan
acne-399_jpeg.rf.1986fbdd6d6494360d60421a47ca8536.jpg,6,0.022747335955500603,0.08097818493843079,0.4560319483280182,3,0.030937500000000003,0.059609375000000006,Parah
acne-399_jpeg.rf.612e86dcb97d84f3808e22c1d73a8822.jpg,5,0.0201939195394516,0.0654037669301033,0.4232625365257263,3,0.030816650390625002,0.0595556640625,Parah
acne-399_jpeg.rf.aa45a6ad4a79d4c3da26f62b83b77ea1.jpg,4,0.020509762689471245,0.05434007570147514,0.5854303240776062,3,0.030937500000000003,0.059609375000000006,Parah
acne-400_jpeg.rf.17f5bed14cb1f3577987b13e9cc02d59.jpg,5,0.0028615884948521852,0.010210900567471981,0.41740912199020386,2,0.0024023437499999995,0.00412109375,Ringan
acne-400_jpeg.rf.6f6ceef01f7c3692c9aeaeb87166c0f9.jpg,6,0.012728389352560043,0.03061727061867714,0.36270806193351746,2,0.0024023437499999995,0.00412109375,Ringan
acne-400_jpeg.rf.8a5527f5b1873dd19b02c29dd9e693a3.jpg,2,0.0034802185837179422,0.0064994776621460915,0.44925373792648315,2,0.0024023437499999995,0.00412109375,Ringan
acne-401_jpeg.rf.530742a0a7770a493dbcdf6c5ce16fe1.jpg,1,0.004241319373250008,0.004241319373250008,0.5931351184844971,4,0.0047607421875,0.014868164062499998,Ringan
acne-401_jpeg.rf.82350b1230bd73cb7c58a25b02c71625.jpg,1,0.0029743420891463757,0.0029743420891463757,0.5389205813407898,4,0.004681396484375,0.014795532226562498,Ringan
acne-401_jpeg.rf.a3908ee69841a054d6c166d5fa018ff1.jpg,3,0.003562395926564932,0.008568838238716125,0.38496437668800354,4,0.0047607421875,0.014868164062499998,Ringan
acne-402_jpeg.rf.4d11bc7c1dc032855852dae4165b697f.jpg,4,0.0031491382978856564,0.010878603905439377,0.6391124129295349,4,0.0030761718750000003,0.01170166015625,Ringan
acne-402_jpeg.rf.506c2cd50fa906b41ac80f9dbbe5618e.jpg,4,0.003070027567446232,0.010955722071230412,0.6395005583763123,4,0.00311279296875,0.011739501953125,Ringan
acne-402_jpeg.rf.6b9c991d6ae6983c8477efdac6e0a53a.jpg,5,0.0030882684513926506,0.012538733892142773,0.5653122663497925,4,0.0030761718750000003,0.01170166015625,Ringan
acne-403_jpeg.rf.137e5a1d3dfbfc106e99aaa5e8368891.jpg,20,0.007944125682115555,0.05348142236471176,0.34003376960754395,17,0.01076171875,0.06894287109375001,Sedang
acne-403_jpeg.rf.43f7da9f9d69ae4ada3c909640b7ebf8.jpg,19,0.006108940113335848,0.04565759748220444,0.3690880835056305,17,0.01083251953125,0.06898132324218752,Sedang
acne-403_jpeg.rf.dc0fa68daf6ab1520af807ea9d7f62ec.jpg,17,0.0052267201244831085,0.049196790903806686,0.3759775757789612,17,0.01076171875,0.06894287109375001,Sedang
acne-405_jpeg.rf.3c0894066212ba42330649c242e0508b.jpg,13,0.004759558942168951,0.03005147911608219,0.41129744052886963,8,0.00537109375,0.022525634765624997,Ringan
acne-405_jpeg.rf.5927cc2573154ea6a64e8e181aece8e8.jpg,13,0.004429750610142946,0.033611685037612915,0.4607419967651367,8,0.00537109375,0.0224755859375,Ringan
acne-405_jpeg.rf.7a67cd6a34f7a9012adfa87d4727f3a1.jpg,9,0.004722902551293373,0.02213115617632866,0.45819827914237976,8,0.00537109375,0.0224755859375,Ringan
acne-406_jpeg.rf.046be6251368f2122cac81637d5e0603.jpg,13,0.005885286256670952,0.03752262890338898,0.3414847254753113,8,0.00703125,0.0323583984375,Sedang
acne-406_jpeg.rf.0d510f52400fbe7e5d13472db0f051f5.jpg,3,0.004354699049144983,0.011052575893700123,0.2968462407588959,8,0.00703125,0.0323907470703125,Sedang
acne-406_jpeg.rf.8614cb6779208ea080fb9369c56b6a16.jpg,7,0.004567492753267288,0.020677711814641953,0.3571208119392395,8,0.00703125,0.0323583984375,Sedang
acne-408_jpeg.rf.83a16019cae0dad54bbadd1e63e863f5.jpg,16,0.005426119081676006,0.045157596468925476,0.43779414892196655,11,0.0073608398437500005,0.0479736328125,Sedang
acne-408_jpeg.rf.9e83a95814251aa25b03bdd121fc63e1.jpg,10,0.006359858438372612,0.03973371163010597,0.4969838261604309,11,0.0073608398437500005,0.04791015625,Sedang
acne-408_jpeg.rf.d272a99439c261a332732dcf882a40ee.jpg,14,0.005205793306231499,0.04214441403746605,0.47101783752441406,11,0.0073608398437500005,0.04791015625,Sedang
acne-409_jpeg.rf.60942100639bfe3294a969b6f1687e60.jpg,10,0.0026655378751456738,0.016753872856497765,0.38850557804107666,6,0.0044360351562499995,0.013778076171874999,Ringan
acne-409_jpeg.rf.6c849b9ab9d249335ef9982f47be98b6.jpg,8,0.0023512328043580055,0.014048750512301922,0.4226991534233093,6,0.0044921875,0.0137109375,Ringan
acne-409_jpeg.rf.de36768b426b2176e489c7bc3ad974cb.jpg,6,0.002844521775841713,0.012253773398697376,0.44609153270721436,6,0.0044921875,0.0137109375,Ringan
acne-410_jpeg.rf.166675b190d3d9d7e19084e675cd6a0b.jpg,7,0.029551729559898376,0.0910855084657669,0.3356897830963135,9,0.044873657226562495,0.1683392333984375,Parah
acne-410_jpeg.rf.37ffe2355a639dec42916f056b306826.jpg,9,0.010336258448660374,0.046212729066610336,0.45059770345687866,9,0.044521484374999996,0.16789306640624999,Parah
acne-410_jpeg.rf.caced8b70846cbfe696a0a075af50549.jpg,0,0.0,0.0,0.0,9,0.044521484374999996,0.16789306640624999,Parah
acne-411_jpeg.rf.4aa1cacc5b7ed8a3130d134336d83080.jpg,25,0.005497033707797527,0.06544097512960434,0.36203059554100037,12,0.0109259033203125,0.06852783203125001,Sedang
acne-411_jpeg.rf.7d019ce4b6775c6e3b91b618dcc6b7ec.jpg,12,0.007274668663740158,0.03986672684550285,0.368254154920578,12,0.01076171875,0.06843994140625,Sedang
acne-411_jpeg.rf.a862c397f8142672533ee2bdf117a748.jpg,23,0.007962454110383987,0.08098147064447403,0.38179898262023926,12,0.01076171875,0.06843994140625,Sedang
acne-412_jpeg.rf.3d70c0bfec74e985db5dc829ffc4c69a.jpg,19,0.005799166392534971,0.055903974920511246,0.36569270491600037,8,0.0067236328125,0.0233154296875,Ringan
acne-412_jpeg.rf.63c28862cc0cce70f243bd58d887b69b.jpg,15,0.005098764784634113,0.03908693045377731,0.38672104477882385,8,0.006661376953124999,0.0233074951171875,Ringan
acne-412_jpeg.rf.dbb3259893ec5ad43a9dcf0266aae515.jpg,16,0.006636897101998329,0.04951387271285057,0.44076061248779297,8,0.0067236328125,0.0233154296875,Ringan
acne-413_jpeg.rf.1daf1fe138da68a4f08a94d1cefb27b9.jpg,3,0.0026296719443053007,0.00721951387822628,0.3147667944431305,14,0.009426269531250002,0.06390930175781251,Sedang
acne-413_jpeg.rf.6ef8475c0f6bce6817a636453b783f48.jpg,7,0.004481832031160593,0.019234905019402504,0.35715460777282715,14,0.0094921875,0.06423583984375,Sedang
acne-413_jpeg.rf.ab61e2dbd0045c08b528d4bf76fb88ca.jpg,2,0.007682492025196552,0.011019119992852211,0.3275054097175598,14,0.0094921875,0.06423583984375,Sedang
acne-414_jpeg.rf.71827a785203417d1653d0483f51b99d.jpg,22,0.0046286750584840775,0.05831778421998024,0.40048152208328247,13,0.00585205078125,0.038896484375000005,Sedang
acne-414_jpeg.rf.7a84ee4e9da558c2e0292a6c5398c211.jpg,20,0.005172818433493376,0.05212073400616646,0.4037650525569916,13,0.00585205078125,0.038896484375000005,Sedang
acne-414_jpeg.rf.88b35b1d8242020ac040642e54a44127.jpg,18,0.004824103321880102,0.04552892595529556,0.40179145336151123,13,0.00585205078125,0.0387371826171875,Sedang
acne-415_jpeg.rf.05c9e8697889c3a2f3485c7071c3750f.jpg,8,0.005289189983159304,0.024398932233452797,0.38307303190231323,8,0.005195312499999999,0.029418945312499997,Ringan
acne-415_jpeg.rf.3cb0a68f9f428b1dd3d08c3b62a0ddb6.jpg,9,0.005039308685809374,0.023860188201069832,0.38802284002304077,8,0.005195312499999999,0.029418945312499997,Ringan
acne-415_jpeg.rf.863c0b4959a108b7e4c536518ffea261.jpg,10,0.004244326148182154,0.024124594405293465,0.41176310181617737,8,0.0051361083984375,0.029176025390625,Ringan
acne-416_jpeg.rf.58165474fa5b984361eb851426671d1c.jpg,34,0.011616034433245659,0.13410083949565887,0.41369858384132385,11,0.0182470703125,0.07280029296874999,Sedang
acne-416_jpeg.rf.b4487ce29c14c65f263e00dd7d01c99f.jpg,31,0.009983913972973824,0.12809646129608154,0.41906630992889404,11,0.0182470703125,0.07256713867187499,Sedang
acne-416_jpeg.rf.d5ba37365bb40265d4702b5d70c716d1.jpg,40,0.009360064752399921,0.1463257074356079,0.4213866591453552,11,0.0182470703125,0.07280029296874999,Sedang
acne-418_jpeg.rf.8c366e283cf5fe69ce8ec5416983f1ba.jpg,15,0.005452184472233057,0.040054917335510254,0.43767112493515015,10,0.0091851806640625,0.037713012695312506,Sedang
acne-418_jpeg.rf.9e0fb71ff475a35be628c485674844af.jpg,16,0.005630808882415295,0.04394017532467842,0.4363563358783722,10,0.009033203125,0.037783203125000005,Sedang
acne-418_jpeg.rf.babdb73015373233846d99bc65d93a97.jpg,17,0.005763874854892492,0.048786044120788574,0.46684157848358154,10,0.009033203125,0.037783203125000005,Sedang
acne-419_jpeg.rf.22e2e44393ce5049c1163fcb407ce2c0.jpg,5,0.016332263126969337,0.037662290036678314,0.35203883051872253,11,0.0178466796875,0.112646484375,Parah
acne-419_jpeg.rf.6d16351fad44830bb43a170a6d11a152.jpg,2,0.007912995293736458,0.011022456921637058,0.3355868458747864,11,0.017950439453125,0.1127020263671875,Parah
acne-419_jpeg.rf.8c086224dd459289ac6d873326f94c81.jpg,0,0.0,0.0,0.0,11,0.0178466796875,0.112646484375,Parah
acne-41_jpeg.rf.0a5af3c72cbda564daf5fa35de6f9c3d.jpg,7,0.022334150969982147,0.03517099469900131,0.3292074203491211,5,0.00298828125,0.01139404296875,Ringan
acne-41_jpeg.rf.fd599c1d4532e89b3aa4847093e7183b.jpg,3,0.003781893290579319,0.009040765464305878,0.3996770679950714,5,0.00298828125,0.01139404296875,Ringan
acne-41_jpeg.rf.fecc9ecbd5f31afb770a6dd1f2d22756.jpg,5,0.002852120902389288,0.01112542673945427,0.33737459778785706,5,0.0030487060546875,0.0114093017578125,Ringan
acne-421_jpeg.rf.44ea91770555c25240d95db7a5a4c054.jpg,13,0.0055023119784891605,0.05183412879705429,0.4171120524406433,4,0.0031445312499999998,0.010761718750000001,Ringan
acne-421_jpeg.rf.80cd99aebc7819b2fbd8da4997c305c8.jpg,5,0.0026064629200845957,0.01155573409050703,0.37889042496681213,4,0.0031445312499999998,0.010761718750000001,Ringan
acne-421_jpeg.rf.fd897905e2eed90fa51a98955b6f1aef.jpg,6,0.0033205756917595863,0.015333767980337143,0.385847806930542,4,0.003172607421875,0.0108026123046875,Ringan
acne-423_jpeg.rf.12ace9ed601c657e03d589552513381f.jpg,4,0.00911450944840908,0.022989556193351746,0.4375656843185425,11,0.011011962890625,0.0752197265625,Sedang
acne-423_jpeg.rf.3e941f6d0ee02a2ef7d2cce78ad7ad1d.jpg,6,0.009181598201394081,0.0304715633392334,0.4696667194366455,11,0.0108984375,0.07527099609375,Sedang
acne-423_jpeg.rf.4eb7b5df4ad75115bf9f463d8a74a675.jpg,3,0.008230255916714668,0.01872354745864868,0.5116437673568726,11,0.0108984375,0.07527099609375,Sedang
acne-425_jpeg.rf.2e6f60571679aa98c5e34bfde3524c08.jpg,14,0.008476234041154385,0.06061576306819916,0.44886162877082825,8,0.0090625,0.03979492187499999,Sedang
acne-425_jpeg.rf.a75481672426a9921005da4e3c94847e.jpg,15,0.010019655339419842,0.07351712137460709,0.43707117438316345,8,0.0089208984375,0.03965332031249999,Sedang
acne-425_jpeg.rf.aa082445f392b37d4cf968080fc451a3.jpg,14,0.008249294944107533,0.06641688942909241,0.45766550302505493,8,0.009069213867187498,0.039659423828125,Sedang
acne-426_jpeg.rf.32f7d6eb515c5f5ec7fe0e5bd07bfbc3.jpg,6,0.008923661895096302,0.02409934066236019,0.39544346928596497,5,0.009211425781250001,0.025625000000000002,Ringan
acne-426_jpeg.rf.43beb99a3d900dd220cdddbeeb87adf1.jpg,3,0.006718745455145836,0.01603563129901886,0.395387202501297,5,0.009211425781250001,0.025441894531250002,Ringan
acne-426_jpeg.rf.c6cf511ebfc862bf24a087df1ac10bfd.jpg,8,0.009633141569793224,0.040521666407585144,0.42398637533187866,5,0.009211425781250001,0.025441894531250002,Ringan
acne-427_jpeg.rf.2da783e959b0fa739da2747fcddad57b.jpg,13,0.006507569923996925,0.04447688162326813,0.3872649371623993,2,0.007031249999999999,0.013759765625,Ringan
acne-427_jpeg.rf.33dfe8c24bba32680676375b9ab21758.jpg,7,0.005864379927515984,0.026671623811125755,0.40558937191963196,2,0.0070452880859374995,0.0138385009765625,Ringan
acne-427_jpeg.rf.f1aec5024b10be1da7f19132dc2f333d.jpg,15,0.006607505027204752,0.051527466624975204,0.3769359290599823,2,0.007031249999999999,0.013759765625,Ringan
acne-428_jpeg.rf.1898c119b4a900ea95fc2e1f61f63633.jpg,17,0.016953105106949806,0.0771794468164444,0.45706990361213684,16,0.022099609375,0.111676025390625,Parah
acne-428_jpeg.rf.6bcda835356ebdd45db844bedf582937.jpg,18,0.020132381469011307,0.0923285260796547,0.4522506892681122,16,0.022099609375,0.11201171874999996,Parah
acne-428_jpeg.rf.d5027004ee479bc1f0fa6f0ed953b254.jpg,21,0.018141984939575195,0.10412868857383728,0.4280130863189697,16,0.022099609375,0.11201171874999996,Parah
acne-429_jpeg.rf.07d3876e4906567c86e04d02a8fd5430.jpg,15,0.004805568605661392,0.03640950098633766,0.3614063262939453,30,0.011104125976562502,0.0944500732421875,Sedang
acne-429_jpeg.rf.d90e994f0e6b570071ecb7ea7c1665a1.jpg,13,0.004862979985773563,0.03357041999697685,0.41728708148002625,30,0.0109375,0.094501953125,Sedang
acne-429_jpeg.rf.de91db9b06b86077a563bc6bfcac3bd9.jpg,11,0.004933792166411877,0.0267956480383873,0.3762092590332031,30,0.0109375,0.094423828125,Sedang
acne-431_jpeg.rf.55d9d8dba088d4ed41257ebd578f1cbd.jpg,1,0.005758276674896479,0.005758276674896479,0.28000888228416443,13,0.009521484375,0.07369140625000001,Sedang
acne-431_jpeg.rf.730f40513562fc09b465662c3682c322.jpg,0,0.0,0.0,0.0,13,0.009521484375,0.07333740234375001,Sedang
acne-431_jpeg.rf.b6af8da016d65c420d4d43ccc19921f8.jpg,1,0.0016894600121304393,0.0016894600121304393,0.4510347545146942,13,0.009521484375,0.07333740234375001,Sedang
acne-435_jpeg.rf.25b6a8e1d564205acd5a72693c2ae356.jpg,0,0.0,0.0,0.0,7,0.006640625,0.0236669921875,Ringan
acne-435_jpeg.rf.51be96ecdcc5a997a065b54e79992003.jpg,1,0.002649054629728198,0.002649054629728198,0.36255285143852234,7,0.006640625,0.023762207031249996,Ringan
acne-435_jpeg.rf.6949c57f3f1009e7126f92202408ad33.jpg,0,0.0,0.0,0.0,7,0.006640625,0.0236669921875,Ringan
acne-436_jpeg.rf.5081a57d9c48e608347afff4b798183d.jpg,7,0.008232085034251213,0.02319151908159256,0.3936730921268463,5,0.007490234375000001,0.0236114501953125,Ringan
acne-436_jpeg.rf.da0a6c94fc959f7b274efd39aff66b86.jpg,7,0.006025080569088459,0.021863730624318123,0.46027353405952454,5,0.007490234375000001,0.023471679687500004,Ringan
acne-436_jpeg.rf.ec3a421adc32e6d1ea2ebfecae40cad1.jpg,8,0.007936610840260983,0.02526608482003212,0.4058900773525238,5,0.007490234375000001,0.023471679687500004,Ringan
acne-439_jpeg.rf.09e3f1d8ee5f2c8210105f6e0b1ee7ff.jpg,13,0.00799860805273056,0.04967007040977478,0.4082431197166443,9,0.008442382812500001,0.0516217041015625,Sedang
acne-439_jpeg.rf.739b9e7b2550b900462320a9b086ce79.jpg,14,0.008494559675455093,0.05839120224118233,0.4248453676700592,9,0.00837890625,0.05124267578125,Sedang
acne-439_jpeg.rf.c007f11f2d18b68b3d07fbda36372e84.jpg,12,0.006198421120643616,0.0490243136882782,0.44613516330718994,9,0.00837890625,0.05139892578125001,Sedang
acne-441_jpeg.rf.11e4ecfbce81071580a4c488c55359a1.jpg,27,0.00864823255687952,0.09649736434221268,0.3726743757724762,13,0.011171875000000001,0.08889648437500001,Sedang
acne-441_jpeg.rf.7a3d88de2f38742e4e8d74e7dd913db4.jpg,32,0.011246123351156712,0.15091735124588013,0.4378688335418701,13,0.011171875000000001,0.08889648437500001,Sedang
acne-441_jpeg.rf.c3cbb13cbe7d7d28976c0bf7ad8a4c9b.jpg,33,0.01130656711757183,0.16226768493652344,0.43177345395088196,13,0.011064453125000002,0.08892028808593751,Sedang
acne-442_jpeg.rf.4039828c5825e56a2d965eff337a1c49.jpg,20,0.010779711417853832,0.07086717337369919,0.40161556005477905,24,0.009459228515625001,0.10148254394531249,Parah
acne-442_jpeg.rf.98fbd79029b796a6a769cb3d7cf6a2e4.jpg,25,0.0059625329449772835,0.06751422584056854,0.45189934968948364,24,0.0095361328125,0.1016943359375,Parah
acne-442_jpeg.rf.aac25ee86644e0903055548cc75b7f5b.jpg,21,0.006077408324927092,0.061059702187776566,0.39421626925468445,24,0.0095361328125,0.1016943359375,Parah
acne-443_jpeg.rf.035df980e217425cf3c01c69db4e3ca8.jpg,10,0.005964146461337805,0.03954806551337242,0.38294413685798645,21,0.0095068359375,0.09494140625,Sedang
acne-443_jpeg.rf.66cc2f0992d43d40395e8abb53eea948.jpg,20,0.009016276337206364,0.07480940222740173,0.3865964412689209,21,0.0095068359375,0.09494140625,Sedang
acne-443_jpeg.rf.8c394880dafd8027d992dec008402504.jpg,16,0.010738792829215527,0.05666984245181084,0.3922375440597534,21,0.009434814453125,0.095322265625,Sedang
acne-444_jpeg.rf.17c710e4ae97046a1b75f237e00c4083.jpg,7,0.007766542956233025,0.029595468193292618,0.48319679498672485,7,0.007519531249999999,0.031416015625,Sedang
acne-444_jpeg.rf.8a759876b570b709bc7a0c4d360cfbc4.jpg,8,0.007096508052200079,0.029838459566235542,0.46948549151420593,7,0.007519531249999999,0.031513061523437504,Sedang
acne-444_jpeg.rf.e04558fc0798fa5a6dfa4a0c1f263089.jpg,7,0.00880665984004736,0.03298371657729149,0.39417406916618347,7,0.007519531249999999,0.031416015625,Sedang
acne-445_jpeg.rf.b348a4570ab35b40f38fdcd815110cbf.jpg,0,0.0,0.0,0.0,8,0.031683349609374994,0.0942596435546875,Parah
acne-445_jpeg.rf.c7521e2afbdc65191944790d4f54d698.jpg,0,0.0,0.0,0.0,8,0.03146484375,0.093935546875,Parah
acne-445_jpeg.rf.ea1f44c1548bc922b805a8cf9baed35e.jpg,0,0.0,0.0,0.0,8,0.03146484375,0.093935546875,Parah
acne-446_jpeg.rf.49502eeca55f583370ab57a6d2365e13.jpg,5,0.003297920571640134,0.012083318084478378,0.42621660232543945,2,0.0037841796875,0.0068603515625,Ringan
acne-446_jpeg.rf.8e74b2de9ae5b231b4555619d7774e6f.jpg,4,0.003621926996856928,0.010803231969475746,0.43869543075561523,2,0.0037841796875,0.0068603515625,Ringan
acne-446_jpeg.rf.aa12a3b18ac56343efb41e92c3963f39.jpg,4,0.00302124978043139,0.010016308166086674,0.375490665435791,2,0.003746337890625,0.006785888671875,Ringan
acne-447_jpeg.rf.40589a71ed621a0a4d23df9fbdedda3c.jpg,9,0.005341000389307737,0.022013075649738312,0.42697975039482117,4,0.00232421875,0.00794921875,Ringan
acne-447_jpeg.rf.8d3240599fd26dadbdc57d31b9f2318c.jpg,9,0.00466026971116662,0.022106952965259552,0.43606603145599365,4,0.0023162841796875,0.00792724609375,Ringan
acne-447_jpeg.rf.b73cd997b638eae09b73b418d144f910.jpg,12,0.0052553098648786545,0.030395859852433205,0.4339096248149872,4,0.00232421875,0.00794921875,Ringan
acne-448_jpeg.rf.0c01fb516e04b00e61075c48afceff22.jpg,6,0.002527420874685049,0.011929582804441452,0.36212125420570374,5,0.00469970703125,0.0140380859375,Ringan
acne-448_jpeg.rf.906408064849796e0760c3a1cf3f70f3.jpg,5,0.0027863529976457357,0.011565442197024822,0.3693259358406067,5,0.00469970703125,0.01403076171875,Ringan
acne-448_jpeg.rf.b021d1dcd56ff06db8c09d314cffc4f5.jpg,6,0.0028067696839571,0.012130127288401127,0.3473406732082367,5,0.00469970703125,0.01403076171875,Ringan
acne-44_jpeg.rf.3a5b1e28ea39743db33f48b46ecb2e67.jpg,50,0.010216007009148598,0.2089788019657135,0.5032376646995544,49,0.0536956787109375,0.27538085937499995,Parah
acne-44_jpeg.rf.a09a06ca7108949a3862881a898eb952.jpg,39,0.01683897338807583,0.21375957131385803,0.45230284333229065,49,0.05375,0.27571044921875,Parah
acne-44_jpeg.rf.ceace1986fb65ad6aea01b6f6f7359a1.jpg,45,0.00904411543160677,0.18335136771202087,0.5114391446113586,49,0.05375,0.27571044921875,Parah
acne-450_jpeg.rf.4e11d9dcb7bf02787f418a02bdb00c35.jpg,8,0.004196012858301401,0.020522797480225563,0.48152458667755127,4,0.0041912841796875,0.011477661132812499,Ringan
acne-450_jpeg.rf.c4287e4b16e7dc4edd06e51bfe683938.jpg,6,0.004557876382023096,0.014473768882453442,0.5165951251983643,4,0.00421875,0.0115478515625,Ringan
acne-450_jpeg.rf.fec6ed23117910c8617e32059de6dad4.jpg,6,0.004581575747579336,0.014473812654614449,0.5314993262290955,4,0.00421875,0.0115478515625,Ringan
acne-451_jpeg.rf.4ba336e1fa676e528d21aa03d76537dc.jpg,33,0.005240659695118666,0.07610965520143509,0.4019131064414978,14,0.006646728515625,0.051512451171875,Sedang
acne-451_jpeg.rf.5d0cea48cdeab0d4da0e1bcc7be09971.jpg,31,0.004794066771864891,0.07256431132555008,0.41278335452079773,14,0.0067138671875,0.0513720703125,Sedang
acne-451_jpeg.rf.ab9da0a0f97f4a3049d0e45b3cf1fff9.jpg,24,0.006951117422431707,0.05691521242260933,0.3997253179550171,14,0.0067138671875,0.051457519531249996,Sedang
acne-452_jpeg.rf.90a41e051b49c5770d82a466f442d4df.jpg,14,0.004220833070576191,0.03295179456472397,0.41201359033584595,4,0.00232421875,0.0085693359375,Ringan
acne-452_jpeg.rf.ac2086e4a2f90cb2cfb6c37f8cb51216.jpg,10,0.003722989000380039,0.026510512456297874,0.43431395292282104,4,0.00232421875,0.0085693359375,Ringan
acne-452_jpeg.rf.f6a32aff2fdc688217551d797a2afdf6.jpg,12,0.0029613315127789974,0.025784026831388474,0.46577024459838867,4,0.0024005126953125003,0.0085675048828125,Ringan
acne-453_jpeg.rf.4421c608bb7ad4edc58efb540f096440.jpg,6,0.013370362110435963,0.051995038986206055,0.5073930025100708,4,0.012451171875,0.03828369140625,Sedang
acne-453_jpeg.rf.599343d9d86bdff8f2ef1b12c5f3eaac.jpg,6,0.015317251905798912,0.05471170321106911,0.44293704628944397,4,0.012451171875,0.03828369140625,Sedang
acne-453_jpeg.rf.ad700325bcaac6e54c001d0ed4afaa53.jpg,5,0.013459509238600731,0.04173874482512474,0.445878803730011,4,0.0125140380859375,0.0383673095703125,Sedang
acne-455_jpeg.rf.6304d18d7053e41b42da83d22d54643f.jpg,18,0.004340214654803276,0.04326707497239113,0.4415992200374603,10,0.006591796875,0.03141845703125,Sedang
acne-455_jpeg.rf.c700c1e657da094907796972c60b5d46.jpg,17,0.004519143607467413,0.04175933450460434,0.45370885729789734,10,0.00648193359375,0.0312835693359375,Sedang
acne-455_jpeg.rf.ed1d75be36cf2d6565bb23195140fe87.jpg,18,0.007290942594408989,0.05265373736619949,0.43334659934043884,10,0.006591796875,0.03141845703125,Sedang
acne-456_jpeg.rf.130dc43a9283d658f345f81c13d24430.jpg,3,0.010984685271978378,0.020610256120562553,0.3257191479206085,18,0.02666015625,0.15749999999999997,Parah
acne-456_jpeg.rf.6cc4a816dfceacefee97f07b0317e977.jpg,33,0.01504580769687891,0.18569502234458923,0.3795429468154907,18,0.02681884765625,0.15726928710937496,Parah
acne-456_jpeg.rf.ebd4ad4ae2390d49bd8739f325fff0b4.jpg,51,0.013425786048173904,0.2636847198009491,0.4074174165725708,18,0.0269775390625,0.1578173828125,Parah
acne-458_jpeg.rf.1800044c39a5a7bf3ad6c8ee9e9621e9.jpg,8,0.0024829243775457144,0.01706129126250744,0.5199486017227173,6,0.0030761718750000003,0.01509765625,Ringan
acne-458_jpeg.rf.4a519fee2deeac56b21862117fcd42e3.jpg,7,0.0024878797121345997,0.01573801226913929,0.5442306399345398,6,0.0030609130859375003,0.014967651367187501,Ringan
acne-458_jpeg.rf.9dfc3f4adb87460f23c8a99cbf268976.jpg,9,0.003111039288341999,0.020121922716498375,0.4580174684524536,6,0.0030761718750000003,0.01509765625,Ringan
acne-48_jpeg.rf.3acdab521ecb10062309943f51c0ec77.jpg,14,0.0054091704078018665,0.03658715635538101,0.427394837141037,14,0.0093841552734375,0.037308349609375,Sedang
acne-48_jpeg.rf.4cc8afaf5b4f5e5328775578bf9ce06b.jpg,15,0.007622603792697191,0.05141060799360275,0.38552892208099365,14,0.009462890625,0.037329101562499994,Sedang
acne-48_jpeg.rf.a9ded7072548a490e04644cb2735776d.jpg,14,0.005733727943152189,0.03600098192691803,0.3789950907230377,14,0.009462890625,0.037329101562499994,Sedang
acne-4_jpeg.rf.0b2ca4b5f24346064e0f11154950d2d0.jpg,10,0.0031756549142301083,0.02050807885825634,0.4044359624385834,6,0.006069335937500001,0.019981689453125,Ringan
acne-4_jpeg.rf.23d05b5c692fea21d34eaf769ffa107c.jpg,13,0.0029847901314496994,0.02404528670012951,0.3900190591812134,6,0.006015625,0.01990234375,Ringan
acne-4_jpeg.rf.c438a57664dacd9816090039d5522ded.jpg,5,0.0040568639524281025,0.013846240937709808,0.38982999324798584,6,0.006015625,0.01990234375,Ringan
acne-52_jpeg.rf.463ca01427ced8b75e8ad555f6562c85.jpg,15,0.012493696995079517,0.07853297144174576,0.45455092191696167,9,0.0080078125,0.042646484374999995,Sedang
acne-52_jpeg.rf.4ba5bae739485794ad01d6ddb2713b31.jpg,10,0.011284287087619305,0.06303533911705017,0.49564751982688904,9,0.008056640625,0.042640380859375,Sedang
acne-52_jpeg.rf.9ff829362776e6e93a0380c5ae10dce0.jpg,15,0.009280026890337467,0.07477038353681564,0.44503065943717957,9,0.0080078125,0.042646484374999995,Sedang
acne-53_jpeg.rf.309209351017f3c3f758c34a4f03066d.jpg,12,0.017038729041814804,0.06435033679008484,0.47357669472694397,9,0.020506591796874998,0.0686090087890625,Sedang
acne-53_jpeg.rf.5e313e36b6a2cdb16036ecfca7bd8ce4.jpg,11,0.01785624958574772,0.06743454933166504,0.4768922030925751,9,0.0203759765625,0.06862060546875,Sedang
acne-53_jpeg.rf.f17c4fe2332f052e5a1d6d2a12edf11b.jpg,9,0.015588508918881416,0.051606684923172,0.5467128157615662,9,0.0203759765625,0.06862060546875,Sedang
acne-54_jpeg.rf.28ba6467b58feb5da045ed75c4437955.jpg,21,0.01916557364165783,0.11343633383512497,0.4345135986804962,26,0.015043945312500001,0.11458251953125001,Parah
acne-54_jpeg.rf.f42808ceac9b99026647fefa6ad40097.jpg,19,0.014628861099481583,0.1120457872748375,0.44570109248161316,26,0.015043945312500001,0.11457946777343753,Parah
acne-54_jpeg.rf.fd50ab764a000a713e4213d603feba8a.jpg,15,0.013716418296098709,0.07961581647396088,0.44242045283317566,26,0.015043945312500001,0.11486083984375,Parah
acne-55_jpeg.rf.52d59d05e0557577fad9f5ad4a556b2b.jpg,5,0.00437932787463069,0.015974000096321106,0.5241678953170776,4,0.0032226562500000003,0.010400390624999999,Ringan
acne-55_jpeg.rf.58295d18f65b714284f8b196289592fd.jpg,4,0.005049406085163355,0.015059771947562695,0.5146374106407166,4,0.0032226562500000003,0.010400390624999999,Ringan
acne-55_jpeg.rf.63cbfdb90a0985cf988c074a247c3a38.jpg,5,0.004310755059123039,0.01563299261033535,0.5430606007575989,4,0.0032592773437500003,0.010469970703125,Ringan
acne-58_jpeg.rf.11b322ab2b7e405a9c44cfa85bb24791.jpg,5,0.0038490889128297567,0.014582383446395397,0.47594982385635376,8,0.0028906250000000004,0.018515624999999997,Ringan
acne-58_jpeg.rf.28bfba3d8e2101849e282cb1272be2cf.jpg,6,0.003687675343826413,0.016475968062877655,0.42757782340049744,8,0.0029058837890625004,0.0184918212890625,Ringan
acne-58_jpeg.rf.6a41f6b35e99676c1aa71a5b4184a19a.jpg,8,0.003979196771979332,0.02248089760541916,0.3993932604789734,8,0.0028906250000000004,0.018515624999999997,Ringan
acne-61_jpeg.rf.28209abd219eaf358e32f3e41c368760.jpg,9,0.0052691251039505005,0.027718720957636833,0.4451926052570343,6,0.006640625,0.018369140625,Ringan
acne-61_jpeg.rf.44491ade9b975ab6df0431537edb6408.jpg,8,0.00538258021697402,0.025879058986902237,0.4584362506866455,6,0.006640625,0.018419799804687498,Ringan
acne-61_jpeg.rf.b2138da2b11d668db560197ed1cf225f.jpg,6,0.0059814839623868465,0.019797302782535553,0.4658372700214386,6,0.006640625,0.018369140625,Ringan
acne-62_jpeg.rf.476a0dea19e8c7fd1055e2d591005890.jpg,13,0.02002893202006817,0.15366628766059875,0.4151279628276825,17,0.030624999999999996,0.17270507812500002,Parah
acne-62_jpeg.rf.70605cf17da5ed58c8681dd07fdd767c.jpg,17,0.02985772117972374,0.1994013637304306,0.4003821909427643,17,0.030624999999999996,0.17272216796874998,Parah
acne-62_jpeg.rf.ac3f35c21b2fe5ca0ce4aff6bd348c3b.jpg,12,0.03284284844994545,0.14470338821411133,0.44632455706596375,17,0.030624999999999996,0.17270507812500002,Parah
acne-64_jpeg.rf.4186cc3c011874e31e65851c7adff713.jpg,20,0.00792255625128746,0.09257885068655014,0.4067328870296478,16,0.027856445312500002,0.08596435546875,Sedang
acne-64_jpeg.rf.860c354c1fe371bc92037186e7531cd0.jpg,12,0.014284176751971245,0.07559339702129364,0.35032740235328674,16,0.027657470703125003,0.0855596923828125,Sedang
acne-64_jpeg.rf.e3d8ffbbbbde870a7ea825cce556e735.jpg,21,0.009229056537151337,0.09202753007411957,0.3982459008693695,16,0.027856445312500002,0.08596435546875,Sedang
acne-71_jpeg.rf.2e67c7ebe6aab3f851e49dd0fc355414.jpg,6,0.003865483682602644,0.016849737614393234,0.5365912318229675,6,0.00298828125,0.01443359375,Ringan
acne-71_jpeg.rf.40804f9e8cb069ec301b171bc702fdba.jpg,7,0.003780749160796404,0.019425200298428535,0.4838539659976959,6,0.0029901123046875,0.014407958984375002,Ringan
acne-71_jpeg.rf.b5adf33b1b35b9ac7d025477efa13bb6.jpg,7,0.006483814679086208,0.02454538084566593,0.4527215361595154,6,0.00298828125,0.01443359375,Ringan
acne-73_jpeg.rf.2703f4793f2d5044e08486eff454f0d9.jpg,12,0.005442917346954346,0.03175416961312294,0.45431748032569885,14,0.00477294921875,0.0276556396484375,Ringan
acne-73_jpeg.rf.416e2a071e15c7c6c421e8f9c9cbf362.jpg,14,0.006130825262516737,0.04296379163861275,0.445528119802475,14,0.004814453125,0.02785888671875,Ringan
acne-73_jpeg.rf.5e196b2c1898b81493da5ffa1cf84ce5.jpg,6,0.003190417308360338,0.014126628637313843,0.44853392243385315,14,0.004814453125,0.02785888671875,Ringan
acne-74_jpeg.rf.6315f5e2b1dc637f7a0a8cf42381279f.jpg,6,0.01067493949085474,0.022888164967298508,0.38766852021217346,24,0.004687500000000001,0.039025878906250006,Sedang
acne-74_jpeg.rf.67eee3b2d55309b3ace1df0c70afd9e2.jpg,13,0.004367233719676733,0.039425015449523926,0.3782116770744324,24,0.004687500000000001,0.039025878906250006,Sedang
acne-74_jpeg.rf.74c00cc08cb76e29f6036261a2dd7596.jpg,20,0.013942408375442028,0.06358743458986282,0.3982439339160919,24,0.004652709960937499,0.039124755859375006,Sedang
acne-76_jpeg.rf.61a13e5af10b4ecf110131f40b6edf13.jpg,29,0.010800467804074287,0.1345849484205246,0.4130113422870636,17,0.009453125000000001,0.07134765624999999,Sedang
acne-76_jpeg.rf.9aa5cc4527dc97bbba01df0d453cca88.jpg,26,0.008893960155546665,0.12517091631889343,0.3909375071525574,17,0.0093994140625,0.0712548828125,Sedang
acne-76_jpeg.rf.f3f5114dc7c2c85ae4a52a8faa9165e2.jpg,21,0.008614572696387768,0.10407482087612152,0.37170445919036865,17,0.009453125000000001,0.07134765624999999,Sedang
acne-79_jpeg.rf.3d89356c593f4a13796c84584f1ebae1.jpg,14,0.012060626409947872,0.09296952188014984,0.4412696957588196,13,0.015312500000000001,0.0643359375,Sedang
acne-79_jpeg.rf.8b03b6494f67a31e4e066213e42f485f.jpg,18,0.013887472450733185,0.12722718715667725,0.46178796887397766,13,0.015312500000000001,0.0643359375,Sedang
acne-79_jpeg.rf.f04fa53e2ca424f3df254c55036cd948.jpg,14,0.012956117279827595,0.09383483976125717,0.43826940655708313,13,0.015390625,0.064329833984375,Sedang
acne-80_jpeg.rf.8aea20e2a9046ae3aa7056f9e36052c2.jpg,12,0.01361530739814043,0.07341430336236954,0.39852073788642883,5,0.011318359374999998,0.03620117187499999,Sedang
acne-80_jpeg.rf.9c64dd4983987dfc7070ff0f35c2eddd.jpg,10,0.013261468149721622,0.05382830277085304,0.3822290301322937,5,0.011392822265625,0.0361383056640625,Sedang
acne-80_jpeg.rf.9f84fde7496074c93b503a03de510157.jpg,13,0.014253143221139908,0.08303168416023254,0.4369927644729614,5,0.011318359374999998,0.03620117187499999,Sedang
acne-81_jpeg.rf.2dcb28c8853605958defd883944aa4cb.jpg,13,0.020624816417694092,0.12162122130393982,0.41877663135528564,11,0.025244140625,0.10047607421874999,Parah
acne-81_jpeg.rf.40b99f71bb9313696f8e5910e3a845b8.jpg,12,0.05183175951242447,0.19596771895885468,0.41542550921440125,11,0.02535888671875,0.10041809082031249,Parah
acne-81_jpeg.rf.e47065c54dfdd4d5b60a6ae86c82b7eb.jpg,15,0.032831642776727676,0.17741678655147552,0.4541732668876648,11,0.025244140625,0.10047607421874999,Parah
acne-82_jpeg.rf.58aa128cb89c7440c298ad87ba810f87.jpg,1,0.0025630623567849398,0.0025630623567849398,0.2702370882034302,5,0.002265625,0.008056640625,Ringan
acne-82_jpeg.rf.74054dbecba236793043b917b0373df6.jpg,1,0.00247354619204998,0.00247354619204998,0.2528759241104126,5,0.002265625,0.008056640625,Ringan
acne-82_jpeg.rf.995da97ae453da87bbc95d23d6e576fa.jpg,4,0.004854447208344936,0.014886838383972645,0.3273256719112396,5,0.002230224609375,0.0081280517578125,Ringan
acne-85_jpeg.rf.4954c7005be728243d7e261bb54c7676.jpg,37,0.01989729143679142,0.18705111742019653,0.39903387427330017,32,0.0058398437499999995,0.08968017578125002,Sedang
acne-85_jpeg.rf.ad62617f33028383d5f54a9e96e18f02.jpg,34,0.013336917385458946,0.12467508018016815,0.4424334466457367,32,0.0058398437499999995,0.08958251953125003,Sedang
acne-85_jpeg.rf.f0191760e52e64aeff4a6fa4c3902954.jpg,32,0.013010072521865368,0.11934710294008255,0.4492061138153076,32,0.0059600830078125,0.08994140625000004,Sedang
acne-87_jpeg.rf.2e7547d12cc90cc178e5a5f54a4361bc.jpg,14,0.008715796284377575,0.03864330053329468,0.4396696984767914,11,0.011962890625,0.03619140625,Sedang
acne-87_jpeg.rf.697e9bbaee187193b6500d76711aec34.jpg,14,0.004814219661056995,0.03324047103524208,0.4236452877521515,11,0.0121441650390625,0.036398315429687494,Sedang
acne-87_jpeg.rf.6b37c6168d53f3f4c81497908a042d88.jpg,9,0.004396578762680292,0.029045289382338524,0.44903865456581116,11,0.011962890625,0.03619140625,Sedang
acne-88_jpeg.rf.8c883d0064c9b8b4c12b51f800f35667.jpg,13,0.006733590736985207,0.05111909285187721,0.3468979299068451,10,0.006796875,0.0391845703125,Sedang
acne-88_jpeg.rf.a89b4136948caebee438f2859e2c84c1.jpg,9,0.00536873284727335,0.02906019426882267,0.3507814407348633,10,0.006796875,0.0391845703125,Sedang
acne-88_jpeg.rf.e5c76005b5292fefddca0e753aee38d1.jpg,7,0.00508484011515975,0.025671744719147682,0.40172815322875977,10,0.00672607421875,0.039074707031249996,Sedang
acne-89_jpeg.rf.2d6e99b7acb34ac110655a0129c6f6ff.jpg,1,0.005284171551465988,0.005284171551465988,0.5918861031532288,9,0.00849609375,0.0442822265625,Sedang
acne-89_jpeg.rf.6b8f0ac57a6528a269583fad16ddb741.jpg,2,0.008083567954599857,0.013250136747956276,0.42682117223739624,9,0.0084228515625,0.0445098876953125,Sedang
acne-89_jpeg.rf.773df8d1638ee1ab24ec4f35e9ff7e8b.jpg,2,0.009682814590632915,0.015113525092601776,0.4008753299713135,9,0.00849609375,0.0442822265625,Sedang
acne-8_jpeg.rf.294cb3bcf0d442b8ad6de0145c53d5ea.jpg,6,0.0036315086763352156,0.017366398125886917,0.39751049876213074,5,0.004916992187499999,0.020622558593749996,Ringan
acne-8_jpeg.rf.3e2cc57abd0219b8c5c54c70125d2ff2.jpg,8,0.004836768843233585,0.025465043261647224,0.45164597034454346,5,0.004916992187499999,0.020540771484374998,Ringan
acne-8_jpeg.rf.846909f42bc6ab7c2271191b9847b310.jpg,5,0.005679835099726915,0.02172960340976715,0.4692822992801666,5,0.004916992187499999,0.0205029296875,Ringan
acne-93_jpeg.rf.30dd3c2dd35c187c279f81197894c65e.jpg,6,0.0132586769759655,0.033907100558280945,0.41636013984680176,5,0.0035888671875000003,0.015410156249999998,Ringan
acne-93_jpeg.rf.8ed4d65382cf14da62dad08e938e414e.jpg,6,0.005254385061562061,0.020774995908141136,0.4217834770679474,5,0.0035888671875000003,0.015410156249999998,Ringan
acne-93_jpeg.rf.f003ed34f9cfc0452a68fd5bd66fa82a.jpg,7,0.0052518825978040695,0.02268953248858452,0.42896655201911926,5,0.0035461425781250005,0.015447998046875001,Ringan
acne-94_jpeg.rf.026ec8c717a07c643717eece6f67175a.jpg,10,0.01943042501807213,0.07123906165361404,0.3990570306777954,7,0.010185546875,0.032225341796875,Sedang
acne-94_jpeg.rf.0e74b52e9ba5c22c361c725fc97cd7d5.jpg,6,0.00697073619812727,0.02811802551150322,0.3646456301212311,7,0.0101171875,0.032080078125,Sedang
acne-94_jpeg.rf.c64f8962172091d296b522d43b8e2958.jpg,11,0.01825588196516037,0.08393942564725876,0.3707662522792816,7,0.0101171875,0.032080078125,Sedang
acne-96_jpeg.rf.044346d9ee35ca61da01a4fb2f7ac9f9.jpg,11,0.0057895188219845295,0.03201118856668472,0.4092424511909485,16,0.0059259033203125,0.03472778320312501,Sedang
acne-96_jpeg.rf.f41b28fa92fa839f053bce9a3ec1637e.jpg,13,0.00590896001085639,0.0350603424012661,0.36895209550857544,16,0.0058007812499999995,0.034396972656250004,Sedang
acne-96_jpeg.rf.ff885bfd24e5fd4322f0189e98ade0ac.jpg,13,0.006039509549736977,0.037406571209430695,0.3893533945083618,16,0.0058007812499999995,0.034396972656250004,Sedang
acne-9_jpeg.rf.212c446a5902af3d2c20c95e80c2fe14.jpg,6,0.004329114221036434,0.018334798514842987,0.4337841272354126,10,0.0104296875,0.05078124999999999,Sedang
acne-9_jpeg.rf.af8b7f78342611641a751fbacd838415.jpg,9,0.010969124734401703,0.03368530422449112,0.41369837522506714,10,0.010538330078125,0.050819091796875,Sedang
acne-9_jpeg.rf.f4c2ca2d6212d212b29a6a9644d997db.jpg,9,0.01106303371489048,0.03527421876788139,0.45386451482772827,10,0.0104296875,0.05078124999999999,Sedang
